question_id,cosine_metric,similarity,llm,version
75727923,-0.0013968981802463531,MEDIUM,gpt-3.5-turbo,chat-gpt-3.5
74227793,-0.005176821257919073,MEDIUM,meta-llama/Llama-2-7b-chat-hf,llama
74591448,-0.006911620497703552,MEDIUM,meta-llama/Llama-2-7b-chat-hf,llama
74227793,-0.009558804333209991,HIGH,gpt-3.5-turbo,chat-gpt-3.5
73556146,-0.042690977454185486,HIGH,gpt-3.5-turbo,chat-gpt-3.5
73556146,-0.05254907160997391,MEDIUM,meta-llama/Llama-2-7b-chat-hf,llama
74591448,-0.05669223517179489,MEDIUM,gpt-3.5-turbo,chat-gpt-3.5
74405746,0.012179408222436905,MEDIUM,gpt-3.5-turbo,chat-gpt-3.5
74606136,0.013287805020809174,MEDIUM,gpt-3.5-turbo,chat-gpt-3.5
75727923,0.01637599989771843,HIGH,meta-llama/Llama-2-7b-chat-hf,llama
75726570,0.021391019225120544,MEDIUM,meta-llama/Llama-2-7b-chat-hf,llama
75726570,0.022445114329457283,MEDIUM,gpt-3.5-turbo,chat-gpt-3.5
73760219,0.022743716835975647,MEDIUM,meta-llama/Llama-2-7b-chat-hf,llama
73760219,0.030099499970674515,MEDIUM,gpt-3.5-turbo,chat-gpt-3.5
74405746,0.034988243132829666,HIGH,meta-llama/Llama-2-7b-chat-hf,llama
75449324,0.060328081250190735,HIGH,meta-llama/Llama-2-7b-chat-hf,llama
74606136,0.06237795576453209,HIGH,meta-llama/Llama-2-7b-chat-hf,llama
74543810,0.07035969197750092,HIGH,meta-llama/Llama-2-7b-chat-hf,llama
74639660,0.10006662458181381,MEDIUM,gpt-3.5-turbo,chat-gpt-3.5
75258460,0.10621888190507889,MEDIUM,meta-llama/Llama-2-7b-chat-hf,llama
74543810,0.11444850265979767,MEDIUM,gpt-3.5-turbo,chat-gpt-3.5
75621833,0.1552819311618805,HIGH,gpt-3.5-turbo,chat-gpt-3.5
74746284,0.15756598114967346,MEDIUM,gpt-3.5-turbo,chat-gpt-3.5
74746284,0.15835684537887573,MEDIUM,meta-llama/Llama-2-7b-chat-hf,llama
74652347,0.15936647355556488,HIGH,meta-llama/Llama-2-7b-chat-hf,llama
75258460,0.16390135884284973,HIGH,gpt-3.5-turbo,chat-gpt-3.5
74437558,0.16595737636089325,MEDIUM,meta-llama/Llama-2-7b-chat-hf,llama
75035488,0.16895955801010132,HIGH,meta-llama/Llama-2-7b-chat-hf,llama
74639660,0.17370647192001343,HIGH,meta-llama/Llama-2-7b-chat-hf,llama
73354302,0.18498072028160095,HIGH,gpt-3.5-turbo,chat-gpt-3.5
73299474,0.18508660793304443,MEDIUM,meta-llama/Llama-2-7b-chat-hf,llama
74910981,0.1879136562347412,HIGH,meta-llama/Llama-2-7b-chat-hf,llama
75621833,0.19679376482963562,MEDIUM,meta-llama/Llama-2-7b-chat-hf,llama
75950803,0.1974657028913498,MEDIUM,gpt-3.5-turbo,chat-gpt-3.5
74086321,0.2062646746635437,HIGH,gpt-3.5-turbo,chat-gpt-3.5
75897290,0.2067902684211731,MEDIUM,meta-llama/Llama-2-7b-chat-hf,llama
73354302,0.20793981850147247,LOW,meta-llama/Llama-2-7b-chat-hf,llama
75897290,0.21129603683948517,MEDIUM,gpt-3.5-turbo,chat-gpt-3.5
74086321,0.21627146005630493,HIGH,meta-llama/Llama-2-7b-chat-hf,llama
74811238,0.2217290699481964,HIGH,meta-llama/Llama-2-7b-chat-hf,llama
74910981,0.22271931171417236,HIGH,gpt-3.5-turbo,chat-gpt-3.5
75950803,0.22503605484962463,MEDIUM,meta-llama/Llama-2-7b-chat-hf,llama
73535528,0.22608831524848938,MEDIUM,gpt-3.5-turbo,chat-gpt-3.5
73526145,0.24123620986938477,HIGH,meta-llama/Llama-2-7b-chat-hf,llama
72978467,0.24679668247699738,LOW,meta-llama/Llama-2-7b-chat-hf,llama
75818472,0.24978876113891602,HIGH,meta-llama/Llama-2-7b-chat-hf,llama
74016253,0.25708749890327454,MEDIUM,gpt-3.5-turbo,chat-gpt-3.5
73531936,0.2747443914413452,MEDIUM,gpt-3.5-turbo,chat-gpt-3.5
75698936,0.28177163004875183,MEDIUM,meta-llama/Llama-2-7b-chat-hf,llama
73211933,0.28239282965660095,MEDIUM,gpt-3.5-turbo,chat-gpt-3.5
74635523,0.2838778495788574,MEDIUM,meta-llama/Llama-2-7b-chat-hf,llama
73535528,0.2858622074127197,MEDIUM,meta-llama/Llama-2-7b-chat-hf,llama
75698936,0.2886195778846741,MEDIUM,gpt-3.5-turbo,chat-gpt-3.5
75035488,0.28959083557128906,MEDIUM,gpt-3.5-turbo,chat-gpt-3.5
74844325,0.28960120677948,MEDIUM,gpt-3.5-turbo,chat-gpt-3.5
75689998,0.29248547554016113,HIGH,gpt-3.5-turbo,chat-gpt-3.5
72826154,0.297556608915329,MEDIUM,meta-llama/Llama-2-7b-chat-hf,llama
73211933,0.3036049008369446,LOW,meta-llama/Llama-2-7b-chat-hf,llama
74387517,0.3058530390262604,MEDIUM,gpt-3.5-turbo,chat-gpt-3.5
74512385,0.3068355321884155,MEDIUM,gpt-3.5-turbo,chat-gpt-3.5
75768912,0.3107975125312805,MEDIUM,meta-llama/Llama-2-7b-chat-hf,llama
74976717,0.3108418583869934,MEDIUM,meta-llama/Llama-2-7b-chat-hf,llama
74053380,0.3192657232284546,HIGH,meta-llama/Llama-2-7b-chat-hf,llama
74811238,0.3231267035007477,HIGH,gpt-3.5-turbo,chat-gpt-3.5
75089553,0.3237150013446808,MEDIUM,gpt-3.5-turbo,chat-gpt-3.5
73387665,0.32446661591529846,HIGH,gpt-3.5-turbo,chat-gpt-3.5
73690166,0.325725793838501,LOW,meta-llama/Llama-2-7b-chat-hf,llama
72907961,0.3264991044998169,MEDIUM,meta-llama/Llama-2-7b-chat-hf,llama
76030821,0.32986700534820557,HIGH,meta-llama/Llama-2-7b-chat-hf,llama
75610201,0.33251628279685974,HIGH,meta-llama/Llama-2-7b-chat-hf,llama
74016253,0.3361232876777649,LOW,meta-llama/Llama-2-7b-chat-hf,llama
74173571,0.3431392312049866,MEDIUM,meta-llama/Llama-2-7b-chat-hf,llama
73972027,0.34453755617141724,MEDIUM,gpt-3.5-turbo,chat-gpt-3.5
75392538,0.34672799706459045,MEDIUM,meta-llama/Llama-2-7b-chat-hf,llama
73750333,0.34763050079345703,MEDIUM,gpt-3.5-turbo,chat-gpt-3.5
74753176,0.34884294867515564,HIGH,meta-llama/Llama-2-7b-chat-hf,llama
75221294,0.34951063990592957,MEDIUM,gpt-3.5-turbo,chat-gpt-3.5
73972027,0.3501969873905182,MEDIUM,meta-llama/Llama-2-7b-chat-hf,llama
74387517,0.3515276610851288,MEDIUM,meta-llama/Llama-2-7b-chat-hf,llama
73452611,0.3521609306335449,HIGH,meta-llama/Llama-2-7b-chat-hf,llama
72978467,0.3528423011302948,HIGH,gpt-3.5-turbo,chat-gpt-3.5
75948146,0.3571908473968506,HIGH,gpt-3.5-turbo,chat-gpt-3.5
74402927,0.35855478048324585,MEDIUM,meta-llama/Llama-2-7b-chat-hf,llama
74214892,0.3598736524581909,MEDIUM,gpt-3.5-turbo,chat-gpt-3.5
74512385,0.3605978488922119,HIGH,meta-llama/Llama-2-7b-chat-hf,llama
74587419,0.36522847414016724,MEDIUM,meta-llama/Llama-2-7b-chat-hf,llama
75768912,0.365501344203949,HIGH,gpt-3.5-turbo,chat-gpt-3.5
75211654,0.3667609989643097,HIGH,gpt-3.5-turbo,chat-gpt-3.5
75909740,0.36792489886283875,MEDIUM,gpt-3.5-turbo,chat-gpt-3.5
76004983,0.3679507374763489,MEDIUM,meta-llama/Llama-2-7b-chat-hf,llama
75255746,0.3697670102119446,MEDIUM,meta-llama/Llama-2-7b-chat-hf,llama
75449324,0.37009114027023315,MEDIUM,gpt-3.5-turbo,chat-gpt-3.5
75221294,0.37049779295921326,MEDIUM,meta-llama/Llama-2-7b-chat-hf,llama
73682305,0.3757379949092865,MEDIUM,meta-llama/Llama-2-7b-chat-hf,llama
76004983,0.3759613633155823,MEDIUM,gpt-3.5-turbo,chat-gpt-3.5
75299402,0.3761012554168701,HIGH,meta-llama/Llama-2-7b-chat-hf,llama
73805636,0.3762636184692383,HIGH,meta-llama/Llama-2-7b-chat-hf,llama
74857640,0.37680381536483765,MEDIUM,meta-llama/Llama-2-7b-chat-hf,llama
73143311,0.37726712226867676,HIGH,meta-llama/Llama-2-7b-chat-hf,llama
75818472,0.3780609667301178,HIGH,gpt-3.5-turbo,chat-gpt-3.5
73253228,0.3780840039253235,LOW,meta-llama/Llama-2-7b-chat-hf,llama
73526145,0.3785000741481781,MEDIUM,gpt-3.5-turbo,chat-gpt-3.5
75377287,0.3803727626800537,MEDIUM,meta-llama/Llama-2-7b-chat-hf,llama
75089553,0.38096264004707336,MEDIUM,meta-llama/Llama-2-7b-chat-hf,llama
73867414,0.3818897008895874,MEDIUM,gpt-3.5-turbo,chat-gpt-3.5
75385779,0.38333845138549805,MEDIUM,meta-llama/Llama-2-7b-chat-hf,llama
75948146,0.38386550545692444,MEDIUM,meta-llama/Llama-2-7b-chat-hf,llama
74996056,0.3877602219581604,MEDIUM,meta-llama/Llama-2-7b-chat-hf,llama
74635523,0.38876110315322876,MEDIUM,gpt-3.5-turbo,chat-gpt-3.5
74041416,0.3896360397338867,MEDIUM,gpt-3.5-turbo,chat-gpt-3.5
73218534,0.39296993613243103,MEDIUM,gpt-3.5-turbo,chat-gpt-3.5
75463207,0.3934626877307892,HIGH,meta-llama/Llama-2-7b-chat-hf,llama
75388014,0.3936448097229004,MEDIUM,meta-llama/Llama-2-7b-chat-hf,llama
75392538,0.3946433961391449,MEDIUM,gpt-3.5-turbo,chat-gpt-3.5
73452611,0.39560285210609436,HIGH,gpt-3.5-turbo,chat-gpt-3.5
75299402,0.3963852524757385,LOW,gpt-3.5-turbo,chat-gpt-3.5
74622976,0.39860275387763977,MEDIUM,meta-llama/Llama-2-7b-chat-hf,llama
75377287,0.398965060710907,HIGH,gpt-3.5-turbo,chat-gpt-3.5
75802587,0.400029718875885,MEDIUM,gpt-3.5-turbo,chat-gpt-3.5
74506570,0.4005585014820099,MEDIUM,meta-llama/Llama-2-7b-chat-hf,llama
74382338,0.40192273259162903,HIGH,meta-llama/Llama-2-7b-chat-hf,llama
75374281,0.40466344356536865,HIGH,gpt-3.5-turbo,chat-gpt-3.5
73218534,0.40495944023132324,LOW,meta-llama/Llama-2-7b-chat-hf,llama
74625152,0.4067491292953491,MEDIUM,meta-llama/Llama-2-7b-chat-hf,llama
75715631,0.4070115089416504,MEDIUM,meta-llama/Llama-2-7b-chat-hf,llama
74381155,0.4093642830848694,MEDIUM,meta-llama/Llama-2-7b-chat-hf,llama
74622976,0.4100659191608429,HIGH,gpt-3.5-turbo,chat-gpt-3.5
75056287,0.41190212965011597,HIGH,meta-llama/Llama-2-7b-chat-hf,llama
73611112,0.4126020073890686,MEDIUM,meta-llama/Llama-2-7b-chat-hf,llama
73879329,0.4140165448188782,MEDIUM,meta-llama/Llama-2-7b-chat-hf,llama
74053380,0.41497382521629333,HIGH,gpt-3.5-turbo,chat-gpt-3.5
75085893,0.4169912338256836,MEDIUM,meta-llama/Llama-2-7b-chat-hf,llama
74365144,0.41776686906814575,MEDIUM,meta-llama/Llama-2-7b-chat-hf,llama
76030821,0.41789889335632324,LOW,gpt-3.5-turbo,chat-gpt-3.5
75689998,0.4210405945777893,MEDIUM,meta-llama/Llama-2-7b-chat-hf,llama
75255746,0.4224928617477417,HIGH,gpt-3.5-turbo,chat-gpt-3.5
76066060,0.42365890741348267,LOW,meta-llama/Llama-2-7b-chat-hf,llama
74214892,0.4243520200252533,HIGH,meta-llama/Llama-2-7b-chat-hf,llama
75100575,0.42492058873176575,MEDIUM,meta-llama/Llama-2-7b-chat-hf,llama
73682305,0.4257221221923828,LOW,gpt-3.5-turbo,chat-gpt-3.5
72954104,0.4257848858833313,MEDIUM,gpt-3.5-turbo,chat-gpt-3.5
74041404,0.4264821708202362,HIGH,meta-llama/Llama-2-7b-chat-hf,llama
75004091,0.42698198556900024,HIGH,gpt-3.5-turbo,chat-gpt-3.5
72925947,0.430801123380661,MEDIUM,gpt-3.5-turbo,chat-gpt-3.5
74437558,0.43134140968322754,HIGH,gpt-3.5-turbo,chat-gpt-3.5
75778261,0.4317963421344757,HIGH,meta-llama/Llama-2-7b-chat-hf,llama
73553976,0.43238288164138794,HIGH,meta-llama/Llama-2-7b-chat-hf,llama
74328847,0.43280473351478577,MEDIUM,meta-llama/Llama-2-7b-chat-hf,llama
74996056,0.43284764885902405,MEDIUM,gpt-3.5-turbo,chat-gpt-3.5
75715631,0.4333226978778839,HIGH,gpt-3.5-turbo,chat-gpt-3.5
75709844,0.4341772496700287,MEDIUM,meta-llama/Llama-2-7b-chat-hf,llama
73464752,0.43424680829048157,HIGH,gpt-3.5-turbo,chat-gpt-3.5
74625152,0.4344978630542755,HIGH,gpt-3.5-turbo,chat-gpt-3.5
72971634,0.4357779026031494,HIGH,meta-llama/Llama-2-7b-chat-hf,llama
73675612,0.43621423840522766,MEDIUM,meta-llama/Llama-2-7b-chat-hf,llama
73410719,0.4404863119125366,MEDIUM,meta-llama/Llama-2-7b-chat-hf,llama
74506570,0.44057393074035645,HIGH,gpt-3.5-turbo,chat-gpt-3.5
74041404,0.4417904019355774,HIGH,gpt-3.5-turbo,chat-gpt-3.5
73369911,0.4422425925731659,LOW,gpt-3.5-turbo,chat-gpt-3.5
75385779,0.4437330961227417,MEDIUM,gpt-3.5-turbo,chat-gpt-3.5
76071743,0.4451701045036316,MEDIUM,meta-llama/Llama-2-7b-chat-hf,llama
74481905,0.44595104455947876,MEDIUM,meta-llama/Llama-2-7b-chat-hf,llama
73810279,0.4461963176727295,MEDIUM,meta-llama/Llama-2-7b-chat-hf,llama
73553976,0.4465930461883545,HIGH,gpt-3.5-turbo,chat-gpt-3.5
73184914,0.4466930627822876,LOW,meta-llama/Llama-2-7b-chat-hf,llama
74393426,0.44672727584838867,MEDIUM,gpt-3.5-turbo,chat-gpt-3.5
74999834,0.4470662474632263,MEDIUM,gpt-3.5-turbo,chat-gpt-3.5
74637515,0.44880810379981995,LOW,gpt-3.5-turbo,chat-gpt-3.5
75709844,0.4488104581832886,MEDIUM,gpt-3.5-turbo,chat-gpt-3.5
75449068,0.45118820667266846,MEDIUM,meta-llama/Llama-2-7b-chat-hf,llama
74422849,0.4528704583644867,HIGH,gpt-3.5-turbo,chat-gpt-3.5
73004413,0.4528798460960388,HIGH,gpt-3.5-turbo,chat-gpt-3.5
75585439,0.4531279504299164,HIGH,gpt-3.5-turbo,chat-gpt-3.5
75555522,0.45331764221191406,MEDIUM,meta-llama/Llama-2-7b-chat-hf,llama
74919045,0.4546522796154022,MEDIUM,meta-llama/Llama-2-7b-chat-hf,llama
73674092,0.45561617612838745,HIGH,meta-llama/Llama-2-7b-chat-hf,llama
74910014,0.45580944418907166,VERY HIGH,meta-llama/Llama-2-7b-chat-hf,llama
75100575,0.4579702615737915,HIGH,gpt-3.5-turbo,chat-gpt-3.5
73201201,0.4587784707546234,HIGH,gpt-3.5-turbo,chat-gpt-3.5
75789993,0.45899075269699097,LOW,meta-llama/Llama-2-7b-chat-hf,llama
73201201,0.45957475900650024,HIGH,meta-llama/Llama-2-7b-chat-hf,llama
74263069,0.4598334729671478,MEDIUM,meta-llama/Llama-2-7b-chat-hf,llama
73367075,0.46129703521728516,LOW,gpt-3.5-turbo,chat-gpt-3.5
72843205,0.46186625957489014,MEDIUM,meta-llama/Llama-2-7b-chat-hf,llama
74407560,0.46415501832962036,LOW,meta-llama/Llama-2-7b-chat-hf,llama
74594144,0.4644317626953125,HIGH,gpt-3.5-turbo,chat-gpt-3.5
75257103,0.46610766649246216,HIGH,gpt-3.5-turbo,chat-gpt-3.5
75220574,0.4664435386657715,MEDIUM,gpt-3.5-turbo,chat-gpt-3.5
72971634,0.46781402826309204,MEDIUM,gpt-3.5-turbo,chat-gpt-3.5
73076798,0.4682358503341675,HIGH,gpt-3.5-turbo,chat-gpt-3.5
74743835,0.4695955812931061,HIGH,gpt-3.5-turbo,chat-gpt-3.5
73102323,0.46962279081344604,HIGH,meta-llama/Llama-2-7b-chat-hf,llama
74548191,0.47129449248313904,MEDIUM,gpt-3.5-turbo,chat-gpt-3.5
73805636,0.47288405895233154,LOW,gpt-3.5-turbo,chat-gpt-3.5
74237232,0.47355788946151733,HIGH,gpt-3.5-turbo,chat-gpt-3.5
74393426,0.47578150033950806,MEDIUM,meta-llama/Llama-2-7b-chat-hf,llama
75449068,0.4764977693557739,HIGH,gpt-3.5-turbo,chat-gpt-3.5
75694420,0.47731128334999084,MEDIUM,meta-llama/Llama-2-7b-chat-hf,llama
76037084,0.47877490520477295,MEDIUM,gpt-3.5-turbo,chat-gpt-3.5
75389612,0.4793945550918579,HIGH,gpt-3.5-turbo,chat-gpt-3.5
75205360,0.47971290349960327,MEDIUM,meta-llama/Llama-2-7b-chat-hf,llama
74234235,0.4812343716621399,LOW,meta-llama/Llama-2-7b-chat-hf,llama
72843205,0.4812728762626648,MEDIUM,gpt-3.5-turbo,chat-gpt-3.5
76037084,0.4816123843193054,HIGH,meta-llama/Llama-2-7b-chat-hf,llama
75477705,0.48272189497947693,HIGH,meta-llama/Llama-2-7b-chat-hf,llama
73004413,0.48276346921920776,HIGH,meta-llama/Llama-2-7b-chat-hf,llama
72954104,0.48288142681121826,HIGH,meta-llama/Llama-2-7b-chat-hf,llama
74402927,0.48289790749549866,HIGH,gpt-3.5-turbo,chat-gpt-3.5
74310780,0.4847619831562042,MEDIUM,meta-llama/Llama-2-7b-chat-hf,llama
75678528,0.48514848947525024,MEDIUM,gpt-3.5-turbo,chat-gpt-3.5
74310780,0.4857827126979828,LOW,gpt-3.5-turbo,chat-gpt-3.5
74952536,0.4862003028392792,HIGH,meta-llama/Llama-2-7b-chat-hf,llama
75584772,0.48634713888168335,MEDIUM,meta-llama/Llama-2-7b-chat-hf,llama
74110774,0.48750564455986023,HIGH,meta-llama/Llama-2-7b-chat-hf,llama
73422387,0.4878252148628235,HIGH,meta-llama/Llama-2-7b-chat-hf,llama
74587419,0.4888434112071991,MEDIUM,gpt-3.5-turbo,chat-gpt-3.5
75463207,0.48926225304603577,MEDIUM,gpt-3.5-turbo,chat-gpt-3.5
73738035,0.49036771059036255,HIGH,gpt-3.5-turbo,chat-gpt-3.5
73646644,0.491865336894989,MEDIUM,meta-llama/Llama-2-7b-chat-hf,llama
74284478,0.49216777086257935,MEDIUM,meta-llama/Llama-2-7b-chat-hf,llama
75211654,0.49223873019218445,MEDIUM,meta-llama/Llama-2-7b-chat-hf,llama
75778261,0.4933304488658905,LOW,gpt-3.5-turbo,chat-gpt-3.5
74731934,0.49343693256378174,HIGH,meta-llama/Llama-2-7b-chat-hf,llama
73300008,0.494009405374527,HIGH,meta-llama/Llama-2-7b-chat-hf,llama
76009718,0.49479052424430847,HIGH,gpt-3.5-turbo,chat-gpt-3.5
74257296,0.49530816078186035,LOW,meta-llama/Llama-2-7b-chat-hf,llama
74237232,0.4959118962287903,MEDIUM,meta-llama/Llama-2-7b-chat-hf,llama
74368270,0.4967377185821533,MEDIUM,meta-llama/Llama-2-7b-chat-hf,llama
73253228,0.49722784757614136,MEDIUM,gpt-3.5-turbo,chat-gpt-3.5
75204334,0.4973209500312805,MEDIUM,meta-llama/Llama-2-7b-chat-hf,llama
75659998,0.49853140115737915,LOW,meta-llama/Llama-2-7b-chat-hf,llama
74717107,0.4986521601676941,HIGH,meta-llama/Llama-2-7b-chat-hf,llama
75388014,0.4989616870880127,MEDIUM,gpt-3.5-turbo,chat-gpt-3.5
74866512,0.4999626576900482,MEDIUM,meta-llama/Llama-2-7b-chat-hf,llama
75445007,0.5012032389640808,HIGH,gpt-3.5-turbo,chat-gpt-3.5
74777076,0.5013601183891296,LOW,meta-llama/Llama-2-7b-chat-hf,llama
75188688,0.5024168491363525,MEDIUM,meta-llama/Llama-2-7b-chat-hf,llama
72901581,0.5025424361228943,HIGH,gpt-3.5-turbo,chat-gpt-3.5
74110774,0.5029518604278564,HIGH,gpt-3.5-turbo,chat-gpt-3.5
73750290,0.5031344294548035,MEDIUM,meta-llama/Llama-2-7b-chat-hf,llama
75205360,0.5032744407653809,MEDIUM,gpt-3.5-turbo,chat-gpt-3.5
75056105,0.5032923221588135,MEDIUM,meta-llama/Llama-2-7b-chat-hf,llama
73067624,0.5035840272903442,MEDIUM,gpt-3.5-turbo,chat-gpt-3.5
75259064,0.5040035247802734,HIGH,gpt-3.5-turbo,chat-gpt-3.5
72907961,0.5043357610702515,HIGH,gpt-3.5-turbo,chat-gpt-3.5
74077744,0.5045320987701416,MEDIUM,meta-llama/Llama-2-7b-chat-hf,llama
75610201,0.5060762166976929,HIGH,gpt-3.5-turbo,chat-gpt-3.5
75323021,0.5064554214477539,MEDIUM,meta-llama/Llama-2-7b-chat-hf,llama
75363507,0.5066210031509399,MEDIUM,meta-llama/Llama-2-7b-chat-hf,llama
73867414,0.506936252117157,MEDIUM,meta-llama/Llama-2-7b-chat-hf,llama
75114654,0.5074082612991333,HIGH,meta-llama/Llama-2-7b-chat-hf,llama
75279839,0.508161187171936,MEDIUM,gpt-3.5-turbo,chat-gpt-3.5
75514021,0.5083139538764954,MEDIUM,meta-llama/Llama-2-7b-chat-hf,llama
75491505,0.5083351135253906,LOW,meta-llama/Llama-2-7b-chat-hf,llama
75517381,0.5089985728263855,MEDIUM,meta-llama/Llama-2-7b-chat-hf,llama
73225767,0.5105604529380798,HIGH,gpt-3.5-turbo,chat-gpt-3.5
74500669,0.5114556550979614,HIGH,meta-llama/Llama-2-7b-chat-hf,llama
74729692,0.511654257774353,LOW,meta-llama/Llama-2-7b-chat-hf,llama
73464752,0.511674702167511,MEDIUM,meta-llama/Llama-2-7b-chat-hf,llama
75768527,0.5116881728172302,MEDIUM,meta-llama/Llama-2-7b-chat-hf,llama
75922766,0.5119494795799255,HIGH,meta-llama/Llama-2-7b-chat-hf,llama
74234235,0.5119807124137878,MEDIUM,gpt-3.5-turbo,chat-gpt-3.5
74952536,0.5126835703849792,HIGH,gpt-3.5-turbo,chat-gpt-3.5
74603346,0.5129216909408569,MEDIUM,meta-llama/Llama-2-7b-chat-hf,llama
73738035,0.5133196115493774,HIGH,meta-llama/Llama-2-7b-chat-hf,llama
74691834,0.5135657787322998,LOW,meta-llama/Llama-2-7b-chat-hf,llama
75958646,0.5141276121139526,MEDIUM,meta-llama/Llama-2-7b-chat-hf,llama
75534461,0.5141782164573669,HIGH,meta-llama/Llama-2-7b-chat-hf,llama
74339986,0.5142549276351929,LOW,meta-llama/Llama-2-7b-chat-hf,llama
73077152,0.5144014358520508,LOW,meta-llama/Llama-2-7b-chat-hf,llama
73270959,0.5146301984786987,MEDIUM,gpt-3.5-turbo,chat-gpt-3.5
73076798,0.5147168040275574,HIGH,meta-llama/Llama-2-7b-chat-hf,llama
74475086,0.515067994594574,MEDIUM,meta-llama/Llama-2-7b-chat-hf,llama
75922766,0.515081524848938,HIGH,gpt-3.5-turbo,chat-gpt-3.5
74594144,0.5152534246444702,MEDIUM,meta-llama/Llama-2-7b-chat-hf,llama
75659998,0.515574038028717,HIGH,gpt-3.5-turbo,chat-gpt-3.5
75312392,0.5165184736251831,HIGH,meta-llama/Llama-2-7b-chat-hf,llama
75323021,0.517700731754303,MEDIUM,gpt-3.5-turbo,chat-gpt-3.5
73690166,0.5177192091941833,MEDIUM,gpt-3.5-turbo,chat-gpt-3.5
74795206,0.5182449221611023,MEDIUM,gpt-3.5-turbo,chat-gpt-3.5
75039363,0.5194566249847412,HIGH,gpt-3.5-turbo,chat-gpt-3.5
74257296,0.5199140906333923,LOW,gpt-3.5-turbo,chat-gpt-3.5
75039363,0.5201488733291626,MEDIUM,meta-llama/Llama-2-7b-chat-hf,llama
75040685,0.5206647515296936,MEDIUM,meta-llama/Llama-2-7b-chat-hf,llama
73410719,0.5209543704986572,MEDIUM,gpt-3.5-turbo,chat-gpt-3.5
76053426,0.5223420262336731,HIGH,meta-llama/Llama-2-7b-chat-hf,llama
74637515,0.5227745771408081,MEDIUM,meta-llama/Llama-2-7b-chat-hf,llama
73316739,0.5231239795684814,MEDIUM,meta-llama/Llama-2-7b-chat-hf,llama
75445007,0.5233874917030334,MEDIUM,meta-llama/Llama-2-7b-chat-hf,llama
74962116,0.5240468978881836,HIGH,gpt-3.5-turbo,chat-gpt-3.5
73546092,0.5241435766220093,LOW,meta-llama/Llama-2-7b-chat-hf,llama
73528506,0.5244625806808472,LOW,meta-llama/Llama-2-7b-chat-hf,llama
75672793,0.5247088670730591,LOW,meta-llama/Llama-2-7b-chat-hf,llama
75119837,0.5247803926467896,MEDIUM,gpt-3.5-turbo,chat-gpt-3.5
73158541,0.5250146389007568,LOW,gpt-3.5-turbo,chat-gpt-3.5
75915685,0.5251772403717041,MEDIUM,gpt-3.5-turbo,chat-gpt-3.5
74365692,0.5253371596336365,HIGH,gpt-3.5-turbo,chat-gpt-3.5
75377220,0.5257956385612488,MEDIUM,meta-llama/Llama-2-7b-chat-hf,llama
75652520,0.5276336669921875,HIGH,meta-llama/Llama-2-7b-chat-hf,llama
75827366,0.5277349352836609,HIGH,meta-llama/Llama-2-7b-chat-hf,llama
74864399,0.5279732942581177,HIGH,gpt-3.5-turbo,chat-gpt-3.5
73669427,0.5285322666168213,MEDIUM,meta-llama/Llama-2-7b-chat-hf,llama
74560568,0.5292724967002869,HIGH,meta-llama/Llama-2-7b-chat-hf,llama
73717005,0.5317084789276123,MEDIUM,gpt-3.5-turbo,chat-gpt-3.5
75198599,0.5319113731384277,MEDIUM,meta-llama/Llama-2-7b-chat-hf,llama
75257103,0.5325266718864441,HIGH,meta-llama/Llama-2-7b-chat-hf,llama
75012061,0.5330888628959656,LOW,meta-llama/Llama-2-7b-chat-hf,llama
75642280,0.5336264371871948,HIGH,meta-llama/Llama-2-7b-chat-hf,llama
74026877,0.5336853265762329,HIGH,meta-llama/Llama-2-7b-chat-hf,llama
75953590,0.5343942046165466,MEDIUM,meta-llama/Llama-2-7b-chat-hf,llama
74481905,0.5347771644592285,MEDIUM,gpt-3.5-turbo,chat-gpt-3.5
72863142,0.5350182056427002,LOW,gpt-3.5-turbo,chat-gpt-3.5
75274866,0.535400927066803,HIGH,meta-llama/Llama-2-7b-chat-hf,llama
74339986,0.5355614423751831,HIGH,gpt-3.5-turbo,chat-gpt-3.5
74189852,0.5372215509414673,MEDIUM,meta-llama/Llama-2-7b-chat-hf,llama
75881502,0.5378575921058655,MEDIUM,meta-llama/Llama-2-7b-chat-hf,llama
75260382,0.5380882620811462,LOW,gpt-3.5-turbo,chat-gpt-3.5
75238728,0.5386308431625366,MEDIUM,meta-llama/Llama-2-7b-chat-hf,llama
74560568,0.5387897491455078,MEDIUM,gpt-3.5-turbo,chat-gpt-3.5
72966905,0.5393322706222534,MEDIUM,meta-llama/Llama-2-7b-chat-hf,llama
73354652,0.5405722856521606,MEDIUM,gpt-3.5-turbo,chat-gpt-3.5
74244055,0.541455090045929,MEDIUM,meta-llama/Llama-2-7b-chat-hf,llama
75074930,0.5415804982185364,HIGH,gpt-3.5-turbo,chat-gpt-3.5
75644586,0.5418820381164551,MEDIUM,meta-llama/Llama-2-7b-chat-hf,llama
74077744,0.5418840050697327,HIGH,gpt-3.5-turbo,chat-gpt-3.5
74187884,0.5421389937400818,HIGH,meta-llama/Llama-2-7b-chat-hf,llama
74743835,0.5422804355621338,LOW,meta-llama/Llama-2-7b-chat-hf,llama
75555522,0.5423610210418701,MEDIUM,gpt-3.5-turbo,chat-gpt-3.5
74548191,0.5424816608428955,HIGH,meta-llama/Llama-2-7b-chat-hf,llama
73810279,0.5433088541030884,MEDIUM,gpt-3.5-turbo,chat-gpt-3.5
75345766,0.543394148349762,MEDIUM,gpt-3.5-turbo,chat-gpt-3.5
72905471,0.5441311001777649,MEDIUM,meta-llama/Llama-2-7b-chat-hf,llama
75909740,0.5441994667053223,MEDIUM,meta-llama/Llama-2-7b-chat-hf,llama
75128735,0.5443882942199707,MEDIUM,gpt-3.5-turbo,chat-gpt-3.5
75827366,0.5445023775100708,MEDIUM,gpt-3.5-turbo,chat-gpt-3.5
75686934,0.5448964238166809,HIGH,meta-llama/Llama-2-7b-chat-hf,llama
74743227,0.5455957651138306,MEDIUM,gpt-3.5-turbo,chat-gpt-3.5
73184914,0.5457485318183899,HIGH,gpt-3.5-turbo,chat-gpt-3.5
73270959,0.5457847118377686,HIGH,meta-llama/Llama-2-7b-chat-hf,llama
75132488,0.5459797978401184,LOW,meta-llama/Llama-2-7b-chat-hf,llama
72826154,0.546021044254303,HIGH,gpt-3.5-turbo,chat-gpt-3.5
75802587,0.5466848015785217,HIGH,meta-llama/Llama-2-7b-chat-hf,llama
73296988,0.5470371842384338,HIGH,gpt-3.5-turbo,chat-gpt-3.5
76034504,0.5471402406692505,MEDIUM,gpt-3.5-turbo,chat-gpt-3.5
73106769,0.5476275086402893,MEDIUM,meta-llama/Llama-2-7b-chat-hf,llama
73364270,0.5485153794288635,LOW,meta-llama/Llama-2-7b-chat-hf,llama
74743227,0.54856276512146,HIGH,meta-llama/Llama-2-7b-chat-hf,llama
73206867,0.5490797162055969,HIGH,gpt-3.5-turbo,chat-gpt-3.5
73225767,0.5495405197143555,MEDIUM,meta-llama/Llama-2-7b-chat-hf,llama
73725448,0.5505954027175903,LOW,meta-llama/Llama-2-7b-chat-hf,llama
75055688,0.5506705641746521,HIGH,meta-llama/Llama-2-7b-chat-hf,llama
76053426,0.5513647794723511,HIGH,gpt-3.5-turbo,chat-gpt-3.5
74587470,0.5514222383499146,HIGH,gpt-3.5-turbo,chat-gpt-3.5
74773637,0.5515326261520386,HIGH,meta-llama/Llama-2-7b-chat-hf,llama
74962116,0.5516179800033569,HIGH,meta-llama/Llama-2-7b-chat-hf,llama
75768527,0.552152693271637,LOW,gpt-3.5-turbo,chat-gpt-3.5
74041416,0.5528395175933838,MEDIUM,meta-llama/Llama-2-7b-chat-hf,llama
74991186,0.552929162979126,LOW,meta-llama/Llama-2-7b-chat-hf,llama
74916407,0.5530663728713989,LOW,meta-llama/Llama-2-7b-chat-hf,llama
74405956,0.5532497763633728,HIGH,meta-llama/Llama-2-7b-chat-hf,llama
73504314,0.5532912015914917,HIGH,gpt-3.5-turbo,chat-gpt-3.5
76046277,0.5532934665679932,LOW,meta-llama/Llama-2-7b-chat-hf,llama
74670948,0.553836464881897,HIGH,meta-llama/Llama-2-7b-chat-hf,llama
74877491,0.5543678998947144,HIGH,gpt-3.5-turbo,chat-gpt-3.5
75409618,0.5551750659942627,HIGH,gpt-3.5-turbo,chat-gpt-3.5
73134275,0.5557928085327148,MEDIUM,meta-llama/Llama-2-7b-chat-hf,llama
74297221,0.5558610558509827,MEDIUM,meta-llama/Llama-2-7b-chat-hf,llama
74357958,0.5560951828956604,MEDIUM,gpt-3.5-turbo,chat-gpt-3.5
76048911,0.5562021732330322,HIGH,gpt-3.5-turbo,chat-gpt-3.5
74095245,0.5562607645988464,LOW,gpt-3.5-turbo,chat-gpt-3.5
72857296,0.5562739372253418,MEDIUM,meta-llama/Llama-2-7b-chat-hf,llama
74535758,0.5563904047012329,LOW,meta-llama/Llama-2-7b-chat-hf,llama
75477705,0.5576758980751038,MEDIUM,gpt-3.5-turbo,chat-gpt-3.5
75517381,0.5581738352775574,MEDIUM,gpt-3.5-turbo,chat-gpt-3.5
73364270,0.5582853555679321,MEDIUM,gpt-3.5-turbo,chat-gpt-3.5
73144075,0.5587798357009888,LOW,meta-llama/Llama-2-7b-chat-hf,llama
74328847,0.5588647127151489,HIGH,gpt-3.5-turbo,chat-gpt-3.5
76009718,0.559664249420166,HIGH,meta-llama/Llama-2-7b-chat-hf,llama
74857640,0.5598090887069702,MEDIUM,gpt-3.5-turbo,chat-gpt-3.5
73475091,0.5601884126663208,MEDIUM,gpt-3.5-turbo,chat-gpt-3.5
73547364,0.5605376362800598,LOW,gpt-3.5-turbo,chat-gpt-3.5
73410047,0.5605884194374084,MEDIUM,gpt-3.5-turbo,chat-gpt-3.5
74999834,0.561119556427002,HIGH,meta-llama/Llama-2-7b-chat-hf,llama
75852462,0.5614224672317505,LOW,meta-llama/Llama-2-7b-chat-hf,llama
74284478,0.5615248084068298,MEDIUM,gpt-3.5-turbo,chat-gpt-3.5
76028371,0.5615949630737305,HIGH,gpt-3.5-turbo,chat-gpt-3.5
74328779,0.5620145797729492,MEDIUM,gpt-3.5-turbo,chat-gpt-3.5
75338255,0.5621445178985596,MEDIUM,gpt-3.5-turbo,chat-gpt-3.5
73354652,0.5621764063835144,LOW,meta-llama/Llama-2-7b-chat-hf,llama
75652520,0.5622120499610901,MEDIUM,gpt-3.5-turbo,chat-gpt-3.5
74934504,0.5628622770309448,MEDIUM,gpt-3.5-turbo,chat-gpt-3.5
74187884,0.5631155371665955,LOW,gpt-3.5-turbo,chat-gpt-3.5
74083779,0.5631979703903198,MEDIUM,gpt-3.5-turbo,chat-gpt-3.5
73316739,0.5633628368377686,MEDIUM,gpt-3.5-turbo,chat-gpt-3.5
73504314,0.5635185241699219,MEDIUM,meta-llama/Llama-2-7b-chat-hf,llama
75980105,0.5635828375816345,LOW,gpt-3.5-turbo,chat-gpt-3.5
75977888,0.5640869736671448,HIGH,meta-llama/Llama-2-7b-chat-hf,llama
74911648,0.5642621517181396,LOW,gpt-3.5-turbo,chat-gpt-3.5
73380316,0.5648335814476013,MEDIUM,meta-llama/Llama-2-7b-chat-hf,llama
75594376,0.5648466348648071,LOW,meta-llama/Llama-2-7b-chat-hf,llama
73611112,0.5649522542953491,MEDIUM,gpt-3.5-turbo,chat-gpt-3.5
73920596,0.5653170347213745,HIGH,meta-llama/Llama-2-7b-chat-hf,llama
74065917,0.5657100081443787,HIGH,meta-llama/Llama-2-7b-chat-hf,llama
72901581,0.5658780336380005,MEDIUM,meta-llama/Llama-2-7b-chat-hf,llama
75974000,0.5661245584487915,HIGH,meta-llama/Llama-2-7b-chat-hf,llama
75128735,0.5662777423858643,LOW,meta-llama/Llama-2-7b-chat-hf,llama
75409618,0.5665639638900757,LOW,meta-llama/Llama-2-7b-chat-hf,llama
75056105,0.567281186580658,HIGH,gpt-3.5-turbo,chat-gpt-3.5
73387665,0.5675127506256104,MEDIUM,meta-llama/Llama-2-7b-chat-hf,llama
73300008,0.5680902004241943,MEDIUM,gpt-3.5-turbo,chat-gpt-3.5
74745783,0.5685901641845703,MEDIUM,gpt-3.5-turbo,chat-gpt-3.5
73102323,0.5686326622962952,MEDIUM,gpt-3.5-turbo,chat-gpt-3.5
74484753,0.5690056681632996,HIGH,meta-llama/Llama-2-7b-chat-hf,llama
75619912,0.569573163986206,HIGH,gpt-3.5-turbo,chat-gpt-3.5
75377220,0.5699911117553711,MEDIUM,gpt-3.5-turbo,chat-gpt-3.5
74911648,0.570633053779602,LOW,meta-llama/Llama-2-7b-chat-hf,llama
72925947,0.5716224312782288,LOW,meta-llama/Llama-2-7b-chat-hf,llama
72929659,0.5720138549804688,MEDIUM,meta-llama/Llama-2-7b-chat-hf,llama
75412023,0.5724154710769653,MEDIUM,gpt-3.5-turbo,chat-gpt-3.5
75958646,0.5731144547462463,HIGH,gpt-3.5-turbo,chat-gpt-3.5
74363222,0.5733366012573242,HIGH,meta-llama/Llama-2-7b-chat-hf,llama
73646644,0.5734722018241882,MEDIUM,gpt-3.5-turbo,chat-gpt-3.5
73987353,0.5739789009094238,HIGH,meta-llama/Llama-2-7b-chat-hf,llama
74670948,0.574081540107727,LOW,gpt-3.5-turbo,chat-gpt-3.5
74919045,0.5747553706169128,HIGH,gpt-3.5-turbo,chat-gpt-3.5
75584772,0.5748258233070374,LOW,gpt-3.5-turbo,chat-gpt-3.5
74411450,0.5756430625915527,HIGH,meta-llama/Llama-2-7b-chat-hf,llama
75794776,0.5756937265396118,HIGH,meta-llama/Llama-2-7b-chat-hf,llama
75441608,0.5757731795310974,HIGH,meta-llama/Llama-2-7b-chat-hf,llama
74934504,0.575797975063324,LOW,meta-llama/Llama-2-7b-chat-hf,llama
75312392,0.5759669542312622,MEDIUM,gpt-3.5-turbo,chat-gpt-3.5
74244055,0.5761022567749023,MEDIUM,gpt-3.5-turbo,chat-gpt-3.5
73272894,0.5761082172393799,MEDIUM,meta-llama/Llama-2-7b-chat-hf,llama
74873498,0.5761458277702332,HIGH,gpt-3.5-turbo,chat-gpt-3.5
75977888,0.5761893391609192,HIGH,gpt-3.5-turbo,chat-gpt-3.5
72966905,0.5765225291252136,HIGH,gpt-3.5-turbo,chat-gpt-3.5
74776471,0.5767012238502502,MEDIUM,gpt-3.5-turbo,chat-gpt-3.5
73546092,0.5769604444503784,HIGH,gpt-3.5-turbo,chat-gpt-3.5
75852462,0.5773501396179199,MEDIUM,gpt-3.5-turbo,chat-gpt-3.5
73436929,0.5773632526397705,MEDIUM,gpt-3.5-turbo,chat-gpt-3.5
74691834,0.5774930715560913,MEDIUM,gpt-3.5-turbo,chat-gpt-3.5
75491505,0.5779249668121338,LOW,gpt-3.5-turbo,chat-gpt-3.5
75124044,0.5779798030853271,HIGH,gpt-3.5-turbo,chat-gpt-3.5
74871587,0.5789510011672974,MEDIUM,meta-llama/Llama-2-7b-chat-hf,llama
73964168,0.5790951251983643,MEDIUM,meta-llama/Llama-2-7b-chat-hf,llama
75585439,0.5792615413665771,MEDIUM,meta-llama/Llama-2-7b-chat-hf,llama
74765075,0.5793088674545288,MEDIUM,gpt-3.5-turbo,chat-gpt-3.5
73413953,0.5794888734817505,MEDIUM,gpt-3.5-turbo,chat-gpt-3.5
75114654,0.5795587301254272,MEDIUM,gpt-3.5-turbo,chat-gpt-3.5
75791645,0.5797405242919922,LOW,meta-llama/Llama-2-7b-chat-hf,llama
75686934,0.5797467231750488,MEDIUM,gpt-3.5-turbo,chat-gpt-3.5
75549944,0.5798488855361938,MEDIUM,meta-llama/Llama-2-7b-chat-hf,llama
74624685,0.5799916982650757,HIGH,gpt-3.5-turbo,chat-gpt-3.5
73179160,0.5802410840988159,MEDIUM,gpt-3.5-turbo,chat-gpt-3.5
74297221,0.5803359746932983,MEDIUM,gpt-3.5-turbo,chat-gpt-3.5
73879329,0.5814877152442932,MEDIUM,gpt-3.5-turbo,chat-gpt-3.5
75056900,0.582099974155426,HIGH,meta-llama/Llama-2-7b-chat-hf,llama
73277769,0.5823783278465271,MEDIUM,meta-llama/Llama-2-7b-chat-hf,llama
74083779,0.5825902819633484,MEDIUM,meta-llama/Llama-2-7b-chat-hf,llama
76048911,0.582838773727417,HIGH,meta-llama/Llama-2-7b-chat-hf,llama
75056900,0.5828667879104614,HIGH,gpt-3.5-turbo,chat-gpt-3.5
73528506,0.5829485654830933,VERY HIGH,gpt-3.5-turbo,chat-gpt-3.5
74721482,0.583175539970398,HIGH,meta-llama/Llama-2-7b-chat-hf,llama
74382338,0.5835014581680298,HIGH,gpt-3.5-turbo,chat-gpt-3.5
75279839,0.5835636854171753,HIGH,meta-llama/Llama-2-7b-chat-hf,llama
74773637,0.5838649868965149,HIGH,gpt-3.5-turbo,chat-gpt-3.5
75648158,0.584547758102417,MEDIUM,gpt-3.5-turbo,chat-gpt-3.5
73806877,0.5846351385116577,HIGH,gpt-3.5-turbo,chat-gpt-3.5
74354445,0.5852981805801392,HIGH,meta-llama/Llama-2-7b-chat-hf,llama
74191220,0.5856319069862366,LOW,gpt-3.5-turbo,chat-gpt-3.5
73669427,0.5863152742385864,MEDIUM,gpt-3.5-turbo,chat-gpt-3.5
74971911,0.5873810052871704,MEDIUM,meta-llama/Llama-2-7b-chat-hf,llama
74089173,0.5877846479415894,HIGH,meta-llama/Llama-2-7b-chat-hf,llama
74997974,0.5882847905158997,MEDIUM,meta-llama/Llama-2-7b-chat-hf,llama
76040523,0.5883491635322571,HIGH,gpt-3.5-turbo,chat-gpt-3.5
75355962,0.5883816480636597,LOW,meta-llama/Llama-2-7b-chat-hf,llama
76018687,0.5885180234909058,MEDIUM,gpt-3.5-turbo,chat-gpt-3.5
72882674,0.5885376930236816,MEDIUM,meta-llama/Llama-2-7b-chat-hf,llama
75448140,0.5891526341438293,MEDIUM,gpt-3.5-turbo,chat-gpt-3.5
74489862,0.5893169641494751,HIGH,meta-llama/Llama-2-7b-chat-hf,llama
75260382,0.589340090751648,MEDIUM,meta-llama/Llama-2-7b-chat-hf,llama
73674092,0.5894328355789185,LOW,gpt-3.5-turbo,chat-gpt-3.5
75441608,0.5895189046859741,HIGH,gpt-3.5-turbo,chat-gpt-3.5
75093391,0.589681088924408,MEDIUM,gpt-3.5-turbo,chat-gpt-3.5
76040523,0.5897741913795471,HIGH,meta-llama/Llama-2-7b-chat-hf,llama
76024411,0.5901684761047363,MEDIUM,meta-llama/Llama-2-7b-chat-hf,llama
75534461,0.5901999473571777,VERY LOW,gpt-3.5-turbo,chat-gpt-3.5
75549944,0.5906860828399658,MEDIUM,gpt-3.5-turbo,chat-gpt-3.5
74778945,0.5907598733901978,MEDIUM,gpt-3.5-turbo,chat-gpt-3.5
75044024,0.5907765626907349,HIGH,gpt-3.5-turbo,chat-gpt-3.5
73539348,0.5907842516899109,HIGH,meta-llama/Llama-2-7b-chat-hf,llama
74306195,0.5908150672912598,LOW,meta-llama/Llama-2-7b-chat-hf,llama
75338255,0.590874195098877,MEDIUM,meta-llama/Llama-2-7b-chat-hf,llama
75627568,0.591254472732544,MEDIUM,meta-llama/Llama-2-7b-chat-hf,llama
74199920,0.5914530158042908,LOW,meta-llama/Llama-2-7b-chat-hf,llama
73336387,0.591859757900238,HIGH,gpt-3.5-turbo,chat-gpt-3.5
73073571,0.5922583341598511,MEDIUM,meta-llama/Llama-2-7b-chat-hf,llama
74777076,0.5923720598220825,LOW,gpt-3.5-turbo,chat-gpt-3.5
74489862,0.5923989415168762,HIGH,gpt-3.5-turbo,chat-gpt-3.5
74935947,0.5924111604690552,MEDIUM,meta-llama/Llama-2-7b-chat-hf,llama
73493717,0.59363853931427,HIGH,meta-llama/Llama-2-7b-chat-hf,llama
74368270,0.5936650037765503,MEDIUM,gpt-3.5-turbo,chat-gpt-3.5
73961325,0.5939734578132629,HIGH,gpt-3.5-turbo,chat-gpt-3.5
75259064,0.5945860147476196,MEDIUM,meta-llama/Llama-2-7b-chat-hf,llama
73585351,0.594707727432251,MEDIUM,meta-llama/Llama-2-7b-chat-hf,llama
74959366,0.5954203009605408,MEDIUM,meta-llama/Llama-2-7b-chat-hf,llama
75554326,0.5964328050613403,HIGH,meta-llama/Llama-2-7b-chat-hf,llama
74191220,0.5967500805854797,HIGH,meta-llama/Llama-2-7b-chat-hf,llama
75045986,0.5967690944671631,MEDIUM,meta-llama/Llama-2-7b-chat-hf,llama
73272894,0.5968356132507324,LOW,gpt-3.5-turbo,chat-gpt-3.5
74173571,0.5969750881195068,MEDIUM,gpt-3.5-turbo,chat-gpt-3.5
73073571,0.5971974730491638,MEDIUM,gpt-3.5-turbo,chat-gpt-3.5
74286842,0.597281813621521,HIGH,meta-llama/Llama-2-7b-chat-hf,llama
74595002,0.5973097085952759,MEDIUM,gpt-3.5-turbo,chat-gpt-3.5
75789993,0.5976730585098267,MEDIUM,gpt-3.5-turbo,chat-gpt-3.5
73206867,0.5986038446426392,HIGH,meta-llama/Llama-2-7b-chat-hf,llama
75928075,0.5986548662185669,MEDIUM,gpt-3.5-turbo,chat-gpt-3.5
74217317,0.5990105867385864,MEDIUM,meta-llama/Llama-2-7b-chat-hf,llama
73223467,0.599148154258728,LOW,meta-llama/Llama-2-7b-chat-hf,llama
75980105,0.5993515253067017,MEDIUM,meta-llama/Llama-2-7b-chat-hf,llama
74484753,0.5996477007865906,HIGH,gpt-3.5-turbo,chat-gpt-3.5
75259335,0.5998944640159607,HIGH,meta-llama/Llama-2-7b-chat-hf,llama
73436929,0.6000247597694397,MEDIUM,meta-llama/Llama-2-7b-chat-hf,llama
75184994,0.6003711819648743,MEDIUM,gpt-3.5-turbo,chat-gpt-3.5
74365692,0.6004114747047424,HIGH,meta-llama/Llama-2-7b-chat-hf,llama
75410394,0.6006523966789246,MEDIUM,gpt-3.5-turbo,chat-gpt-3.5
74603346,0.6012121438980103,MEDIUM,gpt-3.5-turbo,chat-gpt-3.5
73574161,0.6012948155403137,HIGH,gpt-3.5-turbo,chat-gpt-3.5
73077152,0.6012980937957764,MEDIUM,gpt-3.5-turbo,chat-gpt-3.5
75354216,0.601447343826294,LOW,meta-llama/Llama-2-7b-chat-hf,llama
73717005,0.6015280485153198,MEDIUM,meta-llama/Llama-2-7b-chat-hf,llama
76018687,0.6015336513519287,HIGH,meta-llama/Llama-2-7b-chat-hf,llama
74167747,0.6016514897346497,HIGH,meta-llama/Llama-2-7b-chat-hf,llama
75309327,0.6024467945098877,MEDIUM,meta-llama/Llama-2-7b-chat-hf,llama
72905471,0.6029776334762573,LOW,gpt-3.5-turbo,chat-gpt-3.5
73725448,0.6035293340682983,HIGH,gpt-3.5-turbo,chat-gpt-3.5
73210611,0.6036466956138611,MEDIUM,meta-llama/Llama-2-7b-chat-hf,llama
74535758,0.6038661003112793,LOW,gpt-3.5-turbo,chat-gpt-3.5
73025557,0.604254961013794,MEDIUM,meta-llama/Llama-2-7b-chat-hf,llama
73581456,0.6044392585754395,MEDIUM,gpt-3.5-turbo,chat-gpt-3.5
75045986,0.6052172183990479,MEDIUM,gpt-3.5-turbo,chat-gpt-3.5
73443078,0.605366587638855,MEDIUM,gpt-3.5-turbo,chat-gpt-3.5
75204334,0.605561375617981,HIGH,gpt-3.5-turbo,chat-gpt-3.5
74873498,0.605606734752655,HIGH,meta-llama/Llama-2-7b-chat-hf,llama
73907799,0.6056667566299438,MEDIUM,gpt-3.5-turbo,chat-gpt-3.5
74677143,0.6057040095329285,LOW,gpt-3.5-turbo,chat-gpt-3.5
74916407,0.6057919263839722,MEDIUM,gpt-3.5-turbo,chat-gpt-3.5
74794400,0.6061289310455322,MEDIUM,meta-llama/Llama-2-7b-chat-hf,llama
73707930,0.6061620712280273,MEDIUM,gpt-3.5-turbo,chat-gpt-3.5
73957101,0.6067603826522827,HIGH,meta-llama/Llama-2-7b-chat-hf,llama
74569969,0.6069797277450562,HIGH,meta-llama/Llama-2-7b-chat-hf,llama
74778945,0.6069892644882202,LOW,meta-llama/Llama-2-7b-chat-hf,llama
75900187,0.6079433560371399,LOW,meta-llama/Llama-2-7b-chat-hf,llama
74991186,0.6081985235214233,MEDIUM,gpt-3.5-turbo,chat-gpt-3.5
75569999,0.6083166003227234,LOW,gpt-3.5-turbo,chat-gpt-3.5
75903800,0.6094473004341125,MEDIUM,gpt-3.5-turbo,chat-gpt-3.5
75678528,0.6095291376113892,LOW,meta-llama/Llama-2-7b-chat-hf,llama
73750290,0.6096110343933105,HIGH,gpt-3.5-turbo,chat-gpt-3.5
74354445,0.6096988916397095,MEDIUM,gpt-3.5-turbo,chat-gpt-3.5
73210611,0.6101186275482178,MEDIUM,gpt-3.5-turbo,chat-gpt-3.5
75132488,0.610711932182312,HIGH,gpt-3.5-turbo,chat-gpt-3.5
74167747,0.6111050844192505,MEDIUM,gpt-3.5-turbo,chat-gpt-3.5
74569969,0.6111690402030945,MEDIUM,gpt-3.5-turbo,chat-gpt-3.5
75554326,0.6113492846488953,MEDIUM,gpt-3.5-turbo,chat-gpt-3.5
74574699,0.6113862991333008,MEDIUM,meta-llama/Llama-2-7b-chat-hf,llama
73151371,0.6119323372840881,HIGH,gpt-3.5-turbo,chat-gpt-3.5
75635774,0.6124122142791748,MEDIUM,gpt-3.5-turbo,chat-gpt-3.5
72938512,0.6124453544616699,HIGH,gpt-3.5-turbo,chat-gpt-3.5
73144075,0.6126546859741211,MEDIUM,gpt-3.5-turbo,chat-gpt-3.5
74425498,0.6127077341079712,LOW,meta-llama/Llama-2-7b-chat-hf,llama
75367179,0.6128482222557068,VERY HIGH,gpt-3.5-turbo,chat-gpt-3.5
75679966,0.6131954193115234,HIGH,gpt-3.5-turbo,chat-gpt-3.5
75902318,0.6134582757949829,HIGH,meta-llama/Llama-2-7b-chat-hf,llama
75074930,0.613714873790741,HIGH,meta-llama/Llama-2-7b-chat-hf,llama
74997974,0.6140844821929932,LOW,gpt-3.5-turbo,chat-gpt-3.5
73368255,0.6142231225967407,HIGH,gpt-3.5-turbo,chat-gpt-3.5
73223467,0.614547848701477,MEDIUM,gpt-3.5-turbo,chat-gpt-3.5
73297257,0.614858090877533,MEDIUM,meta-llama/Llama-2-7b-chat-hf,llama
73810638,0.6148860454559326,MEDIUM,meta-llama/Llama-2-7b-chat-hf,llama
72921785,0.6149635314941406,MEDIUM,meta-llama/Llama-2-7b-chat-hf,llama
74864399,0.6150190830230713,HIGH,meta-llama/Llama-2-7b-chat-hf,llama
75194484,0.6154481172561646,LOW,gpt-3.5-turbo,chat-gpt-3.5
75785613,0.6155993938446045,MEDIUM,meta-llama/Llama-2-7b-chat-hf,llama
75058127,0.6157066822052002,HIGH,gpt-3.5-turbo,chat-gpt-3.5
75004091,0.6157292723655701,HIGH,meta-llama/Llama-2-7b-chat-hf,llama
75610549,0.6160732507705688,HIGH,gpt-3.5-turbo,chat-gpt-3.5
74591135,0.6161779165267944,LOW,meta-llama/Llama-2-7b-chat-hf,llama
73188739,0.6163294315338135,HIGH,meta-llama/Llama-2-7b-chat-hf,llama
75220574,0.6164873838424683,MEDIUM,meta-llama/Llama-2-7b-chat-hf,llama
75499333,0.6166080236434937,MEDIUM,meta-llama/Llama-2-7b-chat-hf,llama
75056149,0.6167793869972229,MEDIUM,gpt-3.5-turbo,chat-gpt-3.5
74162662,0.616813063621521,MEDIUM,meta-llama/Llama-2-7b-chat-hf,llama
75135923,0.6183260083198547,LOW,meta-llama/Llama-2-7b-chat-hf,llama
75694420,0.6187401413917542,HIGH,gpt-3.5-turbo,chat-gpt-3.5
73262628,0.6188535690307617,HIGH,meta-llama/Llama-2-7b-chat-hf,llama
75953590,0.6190381050109863,HIGH,gpt-3.5-turbo,chat-gpt-3.5
75928075,0.6192626953125,MEDIUM,meta-llama/Llama-2-7b-chat-hf,llama
74363222,0.6195247769355774,HIGH,gpt-3.5-turbo,chat-gpt-3.5
73634127,0.6196943521499634,MEDIUM,meta-llama/Llama-2-7b-chat-hf,llama
75619912,0.6198246479034424,MEDIUM,meta-llama/Llama-2-7b-chat-hf,llama
74935947,0.6202711462974548,MEDIUM,gpt-3.5-turbo,chat-gpt-3.5
75194484,0.6206413507461548,MEDIUM,meta-llama/Llama-2-7b-chat-hf,llama
75374281,0.6206797361373901,MEDIUM,meta-llama/Llama-2-7b-chat-hf,llama
75248840,0.6208122968673706,MEDIUM,gpt-3.5-turbo,chat-gpt-3.5
75679966,0.6209399104118347,MEDIUM,meta-llama/Llama-2-7b-chat-hf,llama
73539348,0.6214763522148132,MEDIUM,gpt-3.5-turbo,chat-gpt-3.5
74132943,0.6215349435806274,MEDIUM,meta-llama/Llama-2-7b-chat-hf,llama
73784320,0.6220231056213379,MEDIUM,gpt-3.5-turbo,chat-gpt-3.5
73806877,0.623963475227356,HIGH,meta-llama/Llama-2-7b-chat-hf,llama
73179160,0.6241485476493835,MEDIUM,meta-llama/Llama-2-7b-chat-hf,llama
75993119,0.6249970197677612,HIGH,gpt-3.5-turbo,chat-gpt-3.5
74624685,0.6251171827316284,LOW,meta-llama/Llama-2-7b-chat-hf,llama
75434793,0.6251251697540283,HIGH,meta-llama/Llama-2-7b-chat-hf,llama
74500669,0.6258304715156555,MEDIUM,gpt-3.5-turbo,chat-gpt-3.5
75699798,0.6259677410125732,HIGH,gpt-3.5-turbo,chat-gpt-3.5
74877491,0.6260793209075928,HIGH,meta-llama/Llama-2-7b-chat-hf,llama
73413953,0.6261007785797119,HIGH,meta-llama/Llama-2-7b-chat-hf,llama
75029678,0.6262215971946716,LOW,gpt-3.5-turbo,chat-gpt-3.5
73410047,0.6262407302856445,HIGH,meta-llama/Llama-2-7b-chat-hf,llama
75344215,0.6266108751296997,LOW,gpt-3.5-turbo,chat-gpt-3.5
75438995,0.6275916695594788,MEDIUM,gpt-3.5-turbo,chat-gpt-3.5
73315006,0.6277142763137817,LOW,gpt-3.5-turbo,chat-gpt-3.5
73268456,0.6278582215309143,LOW,gpt-3.5-turbo,chat-gpt-3.5
75915685,0.6279487013816833,MEDIUM,meta-llama/Llama-2-7b-chat-hf,llama
73868350,0.6283811926841736,HIGH,gpt-3.5-turbo,chat-gpt-3.5
75791645,0.6285991668701172,MEDIUM,gpt-3.5-turbo,chat-gpt-3.5
74407560,0.6290672421455383,LOW,gpt-3.5-turbo,chat-gpt-3.5
73467227,0.6291014552116394,MEDIUM,gpt-3.5-turbo,chat-gpt-3.5
73443078,0.6292864680290222,MEDIUM,meta-llama/Llama-2-7b-chat-hf,llama
73711919,0.6296647191047668,HIGH,gpt-3.5-turbo,chat-gpt-3.5
75434793,0.6298892498016357,HIGH,gpt-3.5-turbo,chat-gpt-3.5
73503049,0.6299501657485962,LOW,gpt-3.5-turbo,chat-gpt-3.5
75264592,0.6302632689476013,LOW,meta-llama/Llama-2-7b-chat-hf,llama
73679367,0.6302857398986816,HIGH,meta-llama/Llama-2-7b-chat-hf,llama
74733701,0.6307286024093628,MEDIUM,gpt-3.5-turbo,chat-gpt-3.5
73336387,0.6309460997581482,MEDIUM,meta-llama/Llama-2-7b-chat-hf,llama
74422849,0.6310017704963684,HIGH,meta-llama/Llama-2-7b-chat-hf,llama
73017844,0.631405770778656,LOW,gpt-3.5-turbo,chat-gpt-3.5
73574161,0.6317978501319885,HIGH,meta-llama/Llama-2-7b-chat-hf,llama
75056149,0.6322019696235657,LOW,meta-llama/Llama-2-7b-chat-hf,llama
76028371,0.632763147354126,HIGH,meta-llama/Llama-2-7b-chat-hf,llama
75672793,0.6327871084213257,MEDIUM,gpt-3.5-turbo,chat-gpt-3.5
74959366,0.6330599188804626,MEDIUM,gpt-3.5-turbo,chat-gpt-3.5
75785613,0.6336560249328613,MEDIUM,gpt-3.5-turbo,chat-gpt-3.5
75083235,0.6337286233901978,MEDIUM,meta-llama/Llama-2-7b-chat-hf,llama
75767654,0.6339127421379089,HIGH,meta-llama/Llama-2-7b-chat-hf,llama
75274866,0.6340497732162476,MEDIUM,gpt-3.5-turbo,chat-gpt-3.5
72929659,0.6342306733131409,MEDIUM,gpt-3.5-turbo,chat-gpt-3.5
75594376,0.6344236731529236,MEDIUM,gpt-3.5-turbo,chat-gpt-3.5
75526159,0.6348838210105896,HIGH,gpt-3.5-turbo,chat-gpt-3.5
75406341,0.6355376243591309,MEDIUM,meta-llama/Llama-2-7b-chat-hf,llama
73868350,0.6356276869773865,HIGH,meta-llama/Llama-2-7b-chat-hf,llama
73903352,0.6358543634414673,LOW,meta-llama/Llama-2-7b-chat-hf,llama
73651301,0.6358574628829956,LOW,gpt-3.5-turbo,chat-gpt-3.5
74625933,0.6359370946884155,MEDIUM,meta-llama/Llama-2-7b-chat-hf,llama
73034413,0.636088490486145,HIGH,meta-llama/Llama-2-7b-chat-hf,llama
73547364,0.6364295482635498,MEDIUM,meta-llama/Llama-2-7b-chat-hf,llama
74571672,0.6365000605583191,MEDIUM,gpt-3.5-turbo,chat-gpt-3.5
74343850,0.6370371580123901,MEDIUM,gpt-3.5-turbo,chat-gpt-3.5
73196092,0.6371052265167236,HIGH,gpt-3.5-turbo,chat-gpt-3.5
74189852,0.6376354694366455,MEDIUM,gpt-3.5-turbo,chat-gpt-3.5
75438995,0.6380427479743958,MEDIUM,meta-llama/Llama-2-7b-chat-hf,llama
74204364,0.6380950808525085,MEDIUM,meta-llama/Llama-2-7b-chat-hf,llama
75449604,0.638154923915863,VERY HIGH,gpt-3.5-turbo,chat-gpt-3.5
75610152,0.6384187936782837,HIGH,meta-llama/Llama-2-7b-chat-hf,llama
74776471,0.6384270191192627,MEDIUM,meta-llama/Llama-2-7b-chat-hf,llama
73987353,0.6389561891555786,MEDIUM,gpt-3.5-turbo,chat-gpt-3.5
74448709,0.6392286419868469,MEDIUM,gpt-3.5-turbo,chat-gpt-3.5
73907799,0.6398745775222778,MEDIUM,meta-llama/Llama-2-7b-chat-hf,llama
73025557,0.6423686742782593,HIGH,gpt-3.5-turbo,chat-gpt-3.5
73368255,0.6424606442451477,MEDIUM,meta-llama/Llama-2-7b-chat-hf,llama
73581456,0.6424673795700073,MEDIUM,meta-llama/Llama-2-7b-chat-hf,llama
73903529,0.6425116062164307,MEDIUM,gpt-3.5-turbo,chat-gpt-3.5
73008559,0.6425756216049194,VERY HIGH,gpt-3.5-turbo,chat-gpt-3.5
72863142,0.6426959037780762,MEDIUM,meta-llama/Llama-2-7b-chat-hf,llama
74365144,0.6429573893547058,LOW,gpt-3.5-turbo,chat-gpt-3.5
73518721,0.6431573629379272,MEDIUM,meta-llama/Llama-2-7b-chat-hf,llama
74787773,0.6440145969390869,MEDIUM,meta-llama/Llama-2-7b-chat-hf,llama
75439576,0.6442177891731262,MEDIUM,meta-llama/Llama-2-7b-chat-hf,llama
75610152,0.644545316696167,MEDIUM,gpt-3.5-turbo,chat-gpt-3.5
75635774,0.6447769999504089,HIGH,meta-llama/Llama-2-7b-chat-hf,llama
75135923,0.644790768623352,MEDIUM,gpt-3.5-turbo,chat-gpt-3.5
73851725,0.6449384689331055,HIGH,gpt-3.5-turbo,chat-gpt-3.5
72849419,0.6455409526824951,LOW,meta-llama/Llama-2-7b-chat-hf,llama
74306195,0.6456950902938843,HIGH,gpt-3.5-turbo,chat-gpt-3.5
72938512,0.6457025408744812,MEDIUM,meta-llama/Llama-2-7b-chat-hf,llama
73380316,0.6458063721656799,MEDIUM,gpt-3.5-turbo,chat-gpt-3.5
75309327,0.6458110809326172,MEDIUM,gpt-3.5-turbo,chat-gpt-3.5
72847591,0.6458914279937744,MEDIUM,meta-llama/Llama-2-7b-chat-hf,llama
74014951,0.6461203694343567,LOW,meta-llama/Llama-2-7b-chat-hf,llama
75058127,0.6465979218482971,MEDIUM,meta-llama/Llama-2-7b-chat-hf,llama
75040685,0.6466813683509827,LOW,gpt-3.5-turbo,chat-gpt-3.5
73957101,0.6469825506210327,MEDIUM,gpt-3.5-turbo,chat-gpt-3.5
73961325,0.647354245185852,MEDIUM,meta-llama/Llama-2-7b-chat-hf,llama
74367079,0.6480731964111328,HIGH,meta-llama/Llama-2-7b-chat-hf,llama
75394657,0.6485028266906738,VERY HIGH,meta-llama/Llama-2-7b-chat-hf,llama
75003993,0.6492460370063782,MEDIUM,meta-llama/Llama-2-7b-chat-hf,llama
73772360,0.6492529511451721,MEDIUM,meta-llama/Llama-2-7b-chat-hf,llama
74753176,0.6493397951126099,HIGH,gpt-3.5-turbo,chat-gpt-3.5
73502432,0.649452269077301,HIGH,meta-llama/Llama-2-7b-chat-hf,llama
73851725,0.6495362520217896,MEDIUM,meta-llama/Llama-2-7b-chat-hf,llama
76009085,0.6496355533599854,MEDIUM,meta-llama/Llama-2-7b-chat-hf,llama
75264592,0.6496707201004028,LOW,gpt-3.5-turbo,chat-gpt-3.5
73066189,0.6497892141342163,HIGH,meta-llama/Llama-2-7b-chat-hf,llama
74556446,0.6498249769210815,LOW,meta-llama/Llama-2-7b-chat-hf,llama
75504826,0.6500771045684814,MEDIUM,gpt-3.5-turbo,chat-gpt-3.5
74598647,0.650091290473938,MEDIUM,meta-llama/Llama-2-7b-chat-hf,llama
76046277,0.6502113342285156,HIGH,gpt-3.5-turbo,chat-gpt-3.5
74713371,0.6502575874328613,HIGH,gpt-3.5-turbo,chat-gpt-3.5
73442986,0.6505131721496582,HIGH,meta-llama/Llama-2-7b-chat-hf,llama
74807729,0.6516388654708862,MEDIUM,meta-llama/Llama-2-7b-chat-hf,llama
74866512,0.6517998576164246,MEDIUM,gpt-3.5-turbo,chat-gpt-3.5
75184994,0.6522232294082642,HIGH,meta-llama/Llama-2-7b-chat-hf,llama
75093391,0.6523220539093018,MEDIUM,meta-llama/Llama-2-7b-chat-hf,llama
74485432,0.6525722742080688,HIGH,meta-llama/Llama-2-7b-chat-hf,llama
76021384,0.6528019309043884,HIGH,gpt-3.5-turbo,chat-gpt-3.5
74894428,0.6532292366027832,MEDIUM,meta-llama/Llama-2-7b-chat-hf,llama
74411450,0.6532596349716187,HIGH,gpt-3.5-turbo,chat-gpt-3.5
75828054,0.6534163951873779,MEDIUM,meta-llama/Llama-2-7b-chat-hf,llama
75203685,0.653600811958313,LOW,meta-llama/Llama-2-7b-chat-hf,llama
75881502,0.6540271639823914,VERY LOW,gpt-3.5-turbo,chat-gpt-3.5
73903352,0.6540409922599792,MEDIUM,gpt-3.5-turbo,chat-gpt-3.5
74971911,0.6543892025947571,MEDIUM,gpt-3.5-turbo,chat-gpt-3.5
73143311,0.6549406051635742,MEDIUM,gpt-3.5-turbo,chat-gpt-3.5
74095245,0.6554408073425293,LOW,meta-llama/Llama-2-7b-chat-hf,llama
75517315,0.6556074619293213,MEDIUM,meta-llama/Llama-2-7b-chat-hf,llama
74472565,0.6562215089797974,HIGH,gpt-3.5-turbo,chat-gpt-3.5
74512813,0.6566903591156006,MEDIUM,gpt-3.5-turbo,chat-gpt-3.5
75902318,0.6568846702575684,MEDIUM,gpt-3.5-turbo,chat-gpt-3.5
73066189,0.6569253206253052,MEDIUM,gpt-3.5-turbo,chat-gpt-3.5
75900187,0.6571789979934692,HIGH,gpt-3.5-turbo,chat-gpt-3.5
75606592,0.6572043895721436,MEDIUM,meta-llama/Llama-2-7b-chat-hf,llama
72966759,0.6573254466056824,HIGH,meta-llama/Llama-2-7b-chat-hf,llama
72988901,0.6573436856269836,LOW,meta-llama/Llama-2-7b-chat-hf,llama
75003039,0.6576550602912903,MEDIUM,meta-llama/Llama-2-7b-chat-hf,llama
74065917,0.6578101515769958,MEDIUM,gpt-3.5-turbo,chat-gpt-3.5
74076957,0.6588623523712158,MEDIUM,meta-llama/Llama-2-7b-chat-hf,llama
73810638,0.6590502262115479,HIGH,gpt-3.5-turbo,chat-gpt-3.5
74132943,0.6591094732284546,MEDIUM,gpt-3.5-turbo,chat-gpt-3.5
75919061,0.6591277122497559,MEDIUM,gpt-3.5-turbo,chat-gpt-3.5
73766357,0.6592597961425781,MEDIUM,meta-llama/Llama-2-7b-chat-hf,llama
75363507,0.6596745848655701,LOW,gpt-3.5-turbo,chat-gpt-3.5
75124044,0.6600213646888733,LOW,meta-llama/Llama-2-7b-chat-hf,llama
72856097,0.6608494520187378,LOW,gpt-3.5-turbo,chat-gpt-3.5
73111730,0.6612074375152588,LOW,meta-llama/Llama-2-7b-chat-hf,llama
75854182,0.6616896390914917,HIGH,gpt-3.5-turbo,chat-gpt-3.5
74214976,0.6622099876403809,MEDIUM,meta-llama/Llama-2-7b-chat-hf,llama
75412023,0.662239670753479,MEDIUM,meta-llama/Llama-2-7b-chat-hf,llama
73114255,0.6624618172645569,MEDIUM,meta-llama/Llama-2-7b-chat-hf,llama
75080882,0.6625771522521973,MEDIUM,meta-llama/Llama-2-7b-chat-hf,llama
74199920,0.6633753776550293,LOW,gpt-3.5-turbo,chat-gpt-3.5
74776364,0.6634138822555542,MEDIUM,gpt-3.5-turbo,chat-gpt-3.5
74776494,0.6635820865631104,MEDIUM,gpt-3.5-turbo,chat-gpt-3.5
72969739,0.6636112332344055,HIGH,gpt-3.5-turbo,chat-gpt-3.5
73187972,0.6640174984931946,MEDIUM,meta-llama/Llama-2-7b-chat-hf,llama
74776494,0.6640563011169434,MEDIUM,meta-llama/Llama-2-7b-chat-hf,llama
73465679,0.6644439101219177,MEDIUM,meta-llama/Llama-2-7b-chat-hf,llama
73232841,0.6647050976753235,MEDIUM,meta-llama/Llama-2-7b-chat-hf,llama
74271731,0.6651884317398071,LOW,gpt-3.5-turbo,chat-gpt-3.5
75083235,0.6656345129013062,LOW,gpt-3.5-turbo,chat-gpt-3.5
74512813,0.6657955646514893,MEDIUM,meta-llama/Llama-2-7b-chat-hf,llama
75052561,0.6658120155334473,LOW,meta-llama/Llama-2-7b-chat-hf,llama
73185851,0.6659761071205139,MEDIUM,gpt-3.5-turbo,chat-gpt-3.5
75416375,0.6662116050720215,LOW,meta-llama/Llama-2-7b-chat-hf,llama
73475744,0.6662654876708984,HIGH,gpt-3.5-turbo,chat-gpt-3.5
75406341,0.6662675142288208,HIGH,gpt-3.5-turbo,chat-gpt-3.5
73675612,0.666271448135376,MEDIUM,gpt-3.5-turbo,chat-gpt-3.5
74591135,0.6663401126861572,HIGH,gpt-3.5-turbo,chat-gpt-3.5
74136704,0.6663522720336914,LOW,meta-llama/Llama-2-7b-chat-hf,llama
75361470,0.6663938164710999,HIGH,meta-llama/Llama-2-7b-chat-hf,llama
75141068,0.6665277481079102,MEDIUM,meta-llama/Llama-2-7b-chat-hf,llama
74765075,0.6666597723960876,VERY HIGH,meta-llama/Llama-2-7b-chat-hf,llama
75428138,0.6669124364852905,MEDIUM,gpt-3.5-turbo,chat-gpt-3.5
75346823,0.6669530868530273,LOW,meta-llama/Llama-2-7b-chat-hf,llama
72849419,0.6673468947410583,HIGH,gpt-3.5-turbo,chat-gpt-3.5
74813041,0.6673507690429688,HIGH,gpt-3.5-turbo,chat-gpt-3.5
75003039,0.668259859085083,MEDIUM,gpt-3.5-turbo,chat-gpt-3.5
72828351,0.6683475375175476,MEDIUM,meta-llama/Llama-2-7b-chat-hf,llama
74454140,0.6685278415679932,HIGH,gpt-3.5-turbo,chat-gpt-3.5
73502432,0.668743371963501,MEDIUM,gpt-3.5-turbo,chat-gpt-3.5
75410394,0.6689404845237732,MEDIUM,meta-llama/Llama-2-7b-chat-hf,llama
73168099,0.6690678596496582,HIGH,gpt-3.5-turbo,chat-gpt-3.5
74910014,0.6693242788314819,MEDIUM,gpt-3.5-turbo,chat-gpt-3.5
75193954,0.6696692109107971,HIGH,meta-llama/Llama-2-7b-chat-hf,llama
75764309,0.6700175404548645,MEDIUM,meta-llama/Llama-2-7b-chat-hf,llama
74322206,0.6700348854064941,MEDIUM,meta-llama/Llama-2-7b-chat-hf,llama
74325785,0.6701802015304565,MEDIUM,gpt-3.5-turbo,chat-gpt-3.5
75569999,0.6702080368995667,MEDIUM,meta-llama/Llama-2-7b-chat-hf,llama
74027109,0.6702439785003662,HIGH,gpt-3.5-turbo,chat-gpt-3.5
75029678,0.6703117489814758,MEDIUM,meta-llama/Llama-2-7b-chat-hf,llama
73102008,0.6703969240188599,HIGH,meta-llama/Llama-2-7b-chat-hf,llama
74456405,0.6704300045967102,MEDIUM,meta-llama/Llama-2-7b-chat-hf,llama
74673173,0.6705070734024048,LOW,gpt-3.5-turbo,chat-gpt-3.5
74322206,0.6705766916275024,LOW,gpt-3.5-turbo,chat-gpt-3.5
75627568,0.6707732677459717,MEDIUM,gpt-3.5-turbo,chat-gpt-3.5
74677143,0.6707956790924072,LOW,meta-llama/Llama-2-7b-chat-hf,llama
73045806,0.6710994839668274,LOW,meta-llama/Llama-2-7b-chat-hf,llama
74556446,0.67119300365448,MEDIUM,gpt-3.5-turbo,chat-gpt-3.5
73525303,0.6713765859603882,LOW,gpt-3.5-turbo,chat-gpt-3.5
73693052,0.6718839406967163,MEDIUM,meta-llama/Llama-2-7b-chat-hf,llama
74460252,0.6720086932182312,MEDIUM,meta-llama/Llama-2-7b-chat-hf,llama
73001297,0.6721823215484619,HIGH,meta-llama/Llama-2-7b-chat-hf,llama
74985752,0.6725903153419495,HIGH,meta-llama/Llama-2-7b-chat-hf,llama
73616926,0.6737006902694702,MEDIUM,meta-llama/Llama-2-7b-chat-hf,llama
75369191,0.6739073395729065,HIGH,meta-llama/Llama-2-7b-chat-hf,llama
75383462,0.6746999621391296,HIGH,gpt-3.5-turbo,chat-gpt-3.5
75794776,0.6747125387191772,HIGH,gpt-3.5-turbo,chat-gpt-3.5
75012061,0.6750809550285339,HIGH,gpt-3.5-turbo,chat-gpt-3.5
73467227,0.6756457090377808,MEDIUM,meta-llama/Llama-2-7b-chat-hf,llama
76021384,0.6759138107299805,HIGH,meta-llama/Llama-2-7b-chat-hf,llama
73954718,0.6761617660522461,MEDIUM,meta-llama/Llama-2-7b-chat-hf,llama
73573040,0.6762175559997559,MEDIUM,meta-llama/Llama-2-7b-chat-hf,llama
74338106,0.6762983202934265,HIGH,gpt-3.5-turbo,chat-gpt-3.5
76071743,0.6763791441917419,MEDIUM,gpt-3.5-turbo,chat-gpt-3.5
73235410,0.6767330169677734,MEDIUM,gpt-3.5-turbo,chat-gpt-3.5
75005196,0.6768863201141357,MEDIUM,gpt-3.5-turbo,chat-gpt-3.5
73944185,0.6770014762878418,MEDIUM,meta-llama/Llama-2-7b-chat-hf,llama
73903603,0.677116334438324,LOW,gpt-3.5-turbo,chat-gpt-3.5
75003993,0.6774775385856628,HIGH,gpt-3.5-turbo,chat-gpt-3.5
73960832,0.6776224374771118,MEDIUM,gpt-3.5-turbo,chat-gpt-3.5
73531936,0.6776660084724426,MEDIUM,meta-llama/Llama-2-7b-chat-hf,llama
75119837,0.6778899431228638,HIGH,meta-llama/Llama-2-7b-chat-hf,llama
75526159,0.6780771017074585,MEDIUM,meta-llama/Llama-2-7b-chat-hf,llama
73651301,0.6781063675880432,MEDIUM,meta-llama/Llama-2-7b-chat-hf,llama
74713371,0.6781306266784668,HIGH,meta-llama/Llama-2-7b-chat-hf,llama
75248840,0.6783642768859863,LOW,meta-llama/Llama-2-7b-chat-hf,llama
73968425,0.6783984899520874,HIGH,meta-llama/Llama-2-7b-chat-hf,llama
73067624,0.6791598200798035,HIGH,meta-llama/Llama-2-7b-chat-hf,llama
73549943,0.6796278953552246,MEDIUM,meta-llama/Llama-2-7b-chat-hf,llama
74386488,0.6797948479652405,MEDIUM,gpt-3.5-turbo,chat-gpt-3.5
74343850,0.680081844329834,LOW,meta-llama/Llama-2-7b-chat-hf,llama
73475091,0.6806668639183044,LOW,meta-llama/Llama-2-7b-chat-hf,llama
75335522,0.6807494759559631,HIGH,meta-llama/Llama-2-7b-chat-hf,llama
74454140,0.681139349937439,MEDIUM,meta-llama/Llama-2-7b-chat-hf,llama
73232841,0.6812151670455933,MEDIUM,gpt-3.5-turbo,chat-gpt-3.5
74626863,0.6815792322158813,MEDIUM,gpt-3.5-turbo,chat-gpt-3.5
75461439,0.6816320419311523,MEDIUM,gpt-3.5-turbo,chat-gpt-3.5
73111730,0.68166184425354,HIGH,gpt-3.5-turbo,chat-gpt-3.5
74745783,0.6816887259483337,MEDIUM,meta-llama/Llama-2-7b-chat-hf,llama
74704512,0.6817896366119385,HIGH,gpt-3.5-turbo,chat-gpt-3.5
75504826,0.6817908883094788,HIGH,meta-llama/Llama-2-7b-chat-hf,llama
75367179,0.6819016337394714,LOW,meta-llama/Llama-2-7b-chat-hf,llama
73297257,0.6819680333137512,HIGH,gpt-3.5-turbo,chat-gpt-3.5
73671051,0.6824739575386047,LOW,gpt-3.5-turbo,chat-gpt-3.5
73613668,0.6827815771102905,LOW,gpt-3.5-turbo,chat-gpt-3.5
73791548,0.6827874183654785,MEDIUM,gpt-3.5-turbo,chat-gpt-3.5
73585351,0.6830723881721497,MEDIUM,gpt-3.5-turbo,chat-gpt-3.5
73891997,0.6831681132316589,MEDIUM,gpt-3.5-turbo,chat-gpt-3.5
75005196,0.6839649677276611,MEDIUM,meta-llama/Llama-2-7b-chat-hf,llama
75701487,0.6841411590576172,MEDIUM,gpt-3.5-turbo,chat-gpt-3.5
74338106,0.6841768622398376,LOW,meta-llama/Llama-2-7b-chat-hf,llama
73549943,0.6841906905174255,MEDIUM,gpt-3.5-turbo,chat-gpt-3.5
74787773,0.6842638254165649,HIGH,gpt-3.5-turbo,chat-gpt-3.5
74328779,0.6843370199203491,HIGH,meta-llama/Llama-2-7b-chat-hf,llama
75418451,0.6847665309906006,HIGH,gpt-3.5-turbo,chat-gpt-3.5
73583513,0.684873104095459,HIGH,gpt-3.5-turbo,chat-gpt-3.5
75037519,0.6851601600646973,LOW,meta-llama/Llama-2-7b-chat-hf,llama
72957907,0.6852684020996094,HIGH,meta-llama/Llama-2-7b-chat-hf,llama
74612337,0.685380220413208,LOW,gpt-3.5-turbo,chat-gpt-3.5
75903800,0.6855745315551758,MEDIUM,meta-llama/Llama-2-7b-chat-hf,llama
75340300,0.6857730150222778,MEDIUM,meta-llama/Llama-2-7b-chat-hf,llama
74511509,0.6860194206237793,LOW,gpt-3.5-turbo,chat-gpt-3.5
75535945,0.686582088470459,MEDIUM,meta-llama/Llama-2-7b-chat-hf,llama
75130798,0.6868479251861572,HIGH,meta-llama/Llama-2-7b-chat-hf,llama
73725267,0.687021017074585,HIGH,meta-llama/Llama-2-7b-chat-hf,llama
74386488,0.6871284246444702,MEDIUM,meta-llama/Llama-2-7b-chat-hf,llama
74472565,0.6874552369117737,MEDIUM,meta-llama/Llama-2-7b-chat-hf,llama
74027109,0.6875345706939697,MEDIUM,meta-llama/Llama-2-7b-chat-hf,llama
74958798,0.6876035928726196,MEDIUM,meta-llama/Llama-2-7b-chat-hf,llama
74595002,0.687714695930481,MEDIUM,meta-llama/Llama-2-7b-chat-hf,llama
74422137,0.6877186894416809,HIGH,meta-llama/Llama-2-7b-chat-hf,llama
73158541,0.687777042388916,HIGH,meta-llama/Llama-2-7b-chat-hf,llama
73292446,0.6883400678634644,HIGH,gpt-3.5-turbo,chat-gpt-3.5
74345581,0.6886534690856934,HIGH,meta-llama/Llama-2-7b-chat-hf,llama
75037519,0.6886764764785767,MEDIUM,gpt-3.5-turbo,chat-gpt-3.5
74199102,0.6887809038162231,MEDIUM,meta-llama/Llama-2-7b-chat-hf,llama
74014951,0.6889537572860718,MEDIUM,gpt-3.5-turbo,chat-gpt-3.5
75717363,0.6892502307891846,MEDIUM,gpt-3.5-turbo,chat-gpt-3.5
75428138,0.6894554495811462,HIGH,meta-llama/Llama-2-7b-chat-hf,llama
75149224,0.689480185508728,MEDIUM,meta-llama/Llama-2-7b-chat-hf,llama
76082047,0.6906875371932983,HIGH,gpt-3.5-turbo,chat-gpt-3.5
74871587,0.6907063722610474,MEDIUM,gpt-3.5-turbo,chat-gpt-3.5
75780030,0.6909058690071106,HIGH,meta-llama/Llama-2-7b-chat-hf,llama
74325785,0.6910645961761475,MEDIUM,meta-llama/Llama-2-7b-chat-hf,llama
75354216,0.6910727620124817,HIGH,gpt-3.5-turbo,chat-gpt-3.5
73725267,0.6910839080810547,MEDIUM,gpt-3.5-turbo,chat-gpt-3.5
75940783,0.6912198066711426,MEDIUM,meta-llama/Llama-2-7b-chat-hf,llama
73985472,0.691243052482605,HIGH,gpt-3.5-turbo,chat-gpt-3.5
74452093,0.6912469267845154,MEDIUM,meta-llama/Llama-2-7b-chat-hf,llama
74802863,0.6912615895271301,LOW,meta-llama/Llama-2-7b-chat-hf,llama
75011823,0.6912883520126343,MEDIUM,gpt-3.5-turbo,chat-gpt-3.5
73168099,0.6913169622421265,MEDIUM,meta-llama/Llama-2-7b-chat-hf,llama
73704007,0.6923238039016724,VERY HIGH,gpt-3.5-turbo,chat-gpt-3.5
75390841,0.6926190853118896,HIGH,gpt-3.5-turbo,chat-gpt-3.5
73185851,0.6926845908164978,MEDIUM,meta-llama/Llama-2-7b-chat-hf,llama
74765010,0.6927175521850586,LOW,meta-llama/Llama-2-7b-chat-hf,llama
72969739,0.6927763223648071,HIGH,meta-llama/Llama-2-7b-chat-hf,llama
73633189,0.6928259134292603,MEDIUM,gpt-3.5-turbo,chat-gpt-3.5
74452093,0.6928457021713257,MEDIUM,gpt-3.5-turbo,chat-gpt-3.5
73809448,0.6936030983924866,LOW,meta-llama/Llama-2-7b-chat-hf,llama
75187395,0.6938135027885437,HIGH,meta-llama/Llama-2-7b-chat-hf,llama
75141068,0.693839430809021,MEDIUM,gpt-3.5-turbo,chat-gpt-3.5
73679367,0.6939146518707275,MEDIUM,gpt-3.5-turbo,chat-gpt-3.5
74621685,0.693986177444458,MEDIUM,meta-llama/Llama-2-7b-chat-hf,llama
74625933,0.6946529150009155,LOW,gpt-3.5-turbo,chat-gpt-3.5
73377019,0.6947759389877319,HIGH,meta-llama/Llama-2-7b-chat-hf,llama
73985713,0.6948412656784058,MEDIUM,gpt-3.5-turbo,chat-gpt-3.5
75705927,0.6949697732925415,HIGH,meta-llama/Llama-2-7b-chat-hf,llama
75137675,0.695052981376648,MEDIUM,gpt-3.5-turbo,chat-gpt-3.5
73525303,0.6955870389938354,MEDIUM,meta-llama/Llama-2-7b-chat-hf,llama
74588596,0.6960029602050781,MEDIUM,meta-llama/Llama-2-7b-chat-hf,llama
74587470,0.6960979700088501,LOW,meta-llama/Llama-2-7b-chat-hf,llama
75999602,0.6961205005645752,MEDIUM,meta-llama/Llama-2-7b-chat-hf,llama
74575521,0.6963874101638794,MEDIUM,meta-llama/Llama-2-7b-chat-hf,llama
75717664,0.696833610534668,LOW,gpt-3.5-turbo,chat-gpt-3.5
73134275,0.6971259117126465,MEDIUM,gpt-3.5-turbo,chat-gpt-3.5
74392033,0.697225034236908,LOW,gpt-3.5-turbo,chat-gpt-3.5
75196037,0.6974948048591614,HIGH,meta-llama/Llama-2-7b-chat-hf,llama
74438621,0.6976480484008789,LOW,meta-llama/Llama-2-7b-chat-hf,llama
74456405,0.6977072954177856,MEDIUM,gpt-3.5-turbo,chat-gpt-3.5
75919061,0.6978693604469299,MEDIUM,meta-llama/Llama-2-7b-chat-hf,llama
76034504,0.6981803774833679,VERY HIGH,meta-llama/Llama-2-7b-chat-hf,llama
73660116,0.6986833810806274,MEDIUM,meta-llama/Llama-2-7b-chat-hf,llama
75723462,0.6988538503646851,MEDIUM,meta-llama/Llama-2-7b-chat-hf,llama
73587743,0.6989959478378296,VERY HIGH,meta-llama/Llama-2-7b-chat-hf,llama
74574699,0.6990460157394409,LOW,gpt-3.5-turbo,chat-gpt-3.5
74002035,0.6993552446365356,VERY HIGH,gpt-3.5-turbo,chat-gpt-3.5
73147931,0.6995393633842468,MEDIUM,meta-llama/Llama-2-7b-chat-hf,llama
73283623,0.6998234987258911,HIGH,meta-llama/Llama-2-7b-chat-hf,llama
75389612,0.7000091075897217,HIGH,meta-llama/Llama-2-7b-chat-hf,llama
74367079,0.7003138065338135,HIGH,gpt-3.5-turbo,chat-gpt-3.5
75418451,0.7003915309906006,MEDIUM,meta-llama/Llama-2-7b-chat-hf,llama
74930743,0.7005966901779175,LOW,gpt-3.5-turbo,chat-gpt-3.5
75764309,0.7006456255912781,LOW,gpt-3.5-turbo,chat-gpt-3.5
73000455,0.700774073600769,MEDIUM,gpt-3.5-turbo,chat-gpt-3.5
74543156,0.7008342146873474,MEDIUM,meta-llama/Llama-2-7b-chat-hf,llama
74659206,0.7009508609771729,HIGH,meta-llama/Llama-2-7b-chat-hf,llama
75095945,0.7009527683258057,MEDIUM,meta-llama/Llama-2-7b-chat-hf,llama
74903024,0.7010253071784973,MEDIUM,gpt-3.5-turbo,chat-gpt-3.5
74955237,0.7010610699653625,HIGH,gpt-3.5-turbo,chat-gpt-3.5
75055688,0.7015724778175354,LOW,gpt-3.5-turbo,chat-gpt-3.5
72857296,0.7019469141960144,HIGH,gpt-3.5-turbo,chat-gpt-3.5
75648158,0.7020633816719055,MEDIUM,meta-llama/Llama-2-7b-chat-hf,llama
72830586,0.702315092086792,MEDIUM,meta-llama/Llama-2-7b-chat-hf,llama
74242518,0.7023621201515198,HIGH,gpt-3.5-turbo,chat-gpt-3.5
74412442,0.7024554014205933,HIGH,meta-llama/Llama-2-7b-chat-hf,llama
73827986,0.7028242349624634,HIGH,meta-llama/Llama-2-7b-chat-hf,llama
75155658,0.7032694816589355,LOW,meta-llama/Llama-2-7b-chat-hf,llama
73750333,0.7033662796020508,MEDIUM,meta-llama/Llama-2-7b-chat-hf,llama
75920221,0.7033900022506714,MEDIUM,meta-llama/Llama-2-7b-chat-hf,llama
74511509,0.703446090221405,MEDIUM,meta-llama/Llama-2-7b-chat-hf,llama
73195147,0.7036088705062866,HIGH,gpt-3.5-turbo,chat-gpt-3.5
73613668,0.7040019035339355,HIGH,meta-llama/Llama-2-7b-chat-hf,llama
75219282,0.7040948867797852,LOW,meta-llama/Llama-2-7b-chat-hf,llama
74392033,0.7041711807250977,LOW,meta-llama/Llama-2-7b-chat-hf,llama
74870967,0.7043565511703491,HIGH,gpt-3.5-turbo,chat-gpt-3.5
75758831,0.7046000957489014,LOW,meta-llama/Llama-2-7b-chat-hf,llama
75010505,0.7047364115715027,HIGH,meta-llama/Llama-2-7b-chat-hf,llama
75841863,0.7052825689315796,HIGH,gpt-3.5-turbo,chat-gpt-3.5
74433987,0.705579936504364,MEDIUM,gpt-3.5-turbo,chat-gpt-3.5
74621685,0.7056901454925537,HIGH,gpt-3.5-turbo,chat-gpt-3.5
73503049,0.7058848142623901,MEDIUM,meta-llama/Llama-2-7b-chat-hf,llama
75926446,0.7062854766845703,MEDIUM,meta-llama/Llama-2-7b-chat-hf,llama
74217317,0.706562340259552,HIGH,gpt-3.5-turbo,chat-gpt-3.5
74345581,0.7067533135414124,HIGH,gpt-3.5-turbo,chat-gpt-3.5
75314123,0.7067944407463074,MEDIUM,meta-llama/Llama-2-7b-chat-hf,llama
74162662,0.706929624080658,MEDIUM,gpt-3.5-turbo,chat-gpt-3.5
73151371,0.7071759700775146,MEDIUM,meta-llama/Llama-2-7b-chat-hf,llama
74405956,0.7073505520820618,MEDIUM,gpt-3.5-turbo,chat-gpt-3.5
75412883,0.7073804140090942,HIGH,meta-llama/Llama-2-7b-chat-hf,llama
73147931,0.7076116800308228,MEDIUM,gpt-3.5-turbo,chat-gpt-3.5
74475086,0.7081307172775269,MEDIUM,gpt-3.5-turbo,chat-gpt-3.5
74263069,0.7083866596221924,MEDIUM,gpt-3.5-turbo,chat-gpt-3.5
74089173,0.7084740400314331,HIGH,gpt-3.5-turbo,chat-gpt-3.5
73045806,0.708499550819397,HIGH,gpt-3.5-turbo,chat-gpt-3.5
75155658,0.7088059782981873,LOW,gpt-3.5-turbo,chat-gpt-3.5
75344215,0.7092850208282471,MEDIUM,meta-llama/Llama-2-7b-chat-hf,llama
74425498,0.7093236446380615,MEDIUM,gpt-3.5-turbo,chat-gpt-3.5
73001297,0.7095499634742737,HIGH,gpt-3.5-turbo,chat-gpt-3.5
74844464,0.7096199989318848,HIGH,meta-llama/Llama-2-7b-chat-hf,llama
75426952,0.7096740007400513,MEDIUM,meta-llama/Llama-2-7b-chat-hf,llama
75535945,0.7097456455230713,MEDIUM,gpt-3.5-turbo,chat-gpt-3.5
75349712,0.7097681760787964,MEDIUM,gpt-3.5-turbo,chat-gpt-3.5
75699798,0.7102451920509338,MEDIUM,meta-llama/Llama-2-7b-chat-hf,llama
74733701,0.7104952335357666,MEDIUM,meta-llama/Llama-2-7b-chat-hf,llama
73660116,0.7110387682914734,HIGH,gpt-3.5-turbo,chat-gpt-3.5
75723026,0.7111595273017883,MEDIUM,gpt-3.5-turbo,chat-gpt-3.5
72887432,0.7112002372741699,HIGH,meta-llama/Llama-2-7b-chat-hf,llama
75701487,0.7123743295669556,MEDIUM,meta-llama/Llama-2-7b-chat-hf,llama
73766357,0.712515652179718,MEDIUM,gpt-3.5-turbo,chat-gpt-3.5
73711919,0.7127162218093872,LOW,meta-llama/Llama-2-7b-chat-hf,llama
75188688,0.7132340669631958,HIGH,gpt-3.5-turbo,chat-gpt-3.5
73827986,0.7133537530899048,MEDIUM,gpt-3.5-turbo,chat-gpt-3.5
74645329,0.7134238481521606,MEDIUM,meta-llama/Llama-2-7b-chat-hf,llama
73422387,0.7134585380554199,MEDIUM,gpt-3.5-turbo,chat-gpt-3.5
74758047,0.7136666178703308,HIGH,gpt-3.5-turbo,chat-gpt-3.5
74136704,0.7138797640800476,MEDIUM,gpt-3.5-turbo,chat-gpt-3.5
75361470,0.7139465808868408,MEDIUM,gpt-3.5-turbo,chat-gpt-3.5
73985713,0.7139467000961304,LOW,meta-llama/Llama-2-7b-chat-hf,llama
74598647,0.7146390676498413,HIGH,gpt-3.5-turbo,chat-gpt-3.5
74807729,0.7159366011619568,MEDIUM,gpt-3.5-turbo,chat-gpt-3.5
75642280,0.716041088104248,MEDIUM,gpt-3.5-turbo,chat-gpt-3.5
75022490,0.7164121866226196,HIGH,meta-llama/Llama-2-7b-chat-hf,llama
75581187,0.7168659567832947,MEDIUM,gpt-3.5-turbo,chat-gpt-3.5
75346823,0.717476487159729,HIGH,gpt-3.5-turbo,chat-gpt-3.5
74836161,0.717580258846283,HIGH,meta-llama/Llama-2-7b-chat-hf,llama
74214976,0.7175952792167664,MEDIUM,gpt-3.5-turbo,chat-gpt-3.5
72935457,0.7178840637207031,MEDIUM,gpt-3.5-turbo,chat-gpt-3.5
73573040,0.7178917527198792,MEDIUM,gpt-3.5-turbo,chat-gpt-3.5
75383462,0.7179366946220398,LOW,meta-llama/Llama-2-7b-chat-hf,llama
75390841,0.7180525660514832,HIGH,meta-llama/Llama-2-7b-chat-hf,llama
73131247,0.7180597186088562,HIGH,meta-llama/Llama-2-7b-chat-hf,llama
75300420,0.7180795073509216,MEDIUM,gpt-3.5-turbo,chat-gpt-3.5
73671051,0.7184882164001465,LOW,meta-llama/Llama-2-7b-chat-hf,llama
73874791,0.7191572785377502,MEDIUM,meta-llama/Llama-2-7b-chat-hf,llama
73235410,0.7195079326629639,MEDIUM,meta-llama/Llama-2-7b-chat-hf,llama
73946426,0.7196698784828186,MEDIUM,meta-llama/Llama-2-7b-chat-hf,llama
74603229,0.7197558879852295,MEDIUM,gpt-3.5-turbo,chat-gpt-3.5
75259576,0.7200895547866821,HIGH,meta-llama/Llama-2-7b-chat-hf,llama
75993119,0.7201910614967346,MEDIUM,meta-llama/Llama-2-7b-chat-hf,llama
73187972,0.7202040553092957,HIGH,gpt-3.5-turbo,chat-gpt-3.5
75499333,0.7203147411346436,HIGH,gpt-3.5-turbo,chat-gpt-3.5
74371499,0.7204577326774597,MEDIUM,meta-llama/Llama-2-7b-chat-hf,llama
73195147,0.7205557823181152,LOW,meta-llama/Llama-2-7b-chat-hf,llama
75762757,0.7206193208694458,MEDIUM,meta-llama/Llama-2-7b-chat-hf,llama
73989407,0.7206566333770752,LOW,gpt-3.5-turbo,chat-gpt-3.5
73292446,0.72068190574646,HIGH,meta-llama/Llama-2-7b-chat-hf,llama
73616926,0.7207128405570984,LOW,gpt-3.5-turbo,chat-gpt-3.5
75429405,0.7207581400871277,HIGH,gpt-3.5-turbo,chat-gpt-3.5
73165456,0.7211134433746338,MEDIUM,gpt-3.5-turbo,chat-gpt-3.5
73704007,0.7211430668830872,LOW,meta-llama/Llama-2-7b-chat-hf,llama
74912847,0.7211939096450806,MEDIUM,meta-llama/Llama-2-7b-chat-hf,llama
75973321,0.7213442325592041,MEDIUM,gpt-3.5-turbo,chat-gpt-3.5
73003300,0.7215108871459961,MEDIUM,meta-llama/Llama-2-7b-chat-hf,llama
75854182,0.7215530872344971,MEDIUM,meta-llama/Llama-2-7b-chat-hf,llama
75394657,0.7216089963912964,HIGH,gpt-3.5-turbo,chat-gpt-3.5
75763820,0.7216686606407166,MEDIUM,gpt-3.5-turbo,chat-gpt-3.5
74905593,0.7219252586364746,LOW,meta-llama/Llama-2-7b-chat-hf,llama
73398477,0.722167432308197,HIGH,meta-llama/Llama-2-7b-chat-hf,llama
74934470,0.7224270701408386,MEDIUM,meta-llama/Llama-2-7b-chat-hf,llama
73858913,0.722758412361145,HIGH,gpt-3.5-turbo,chat-gpt-3.5
74271731,0.7237482070922852,MEDIUM,meta-llama/Llama-2-7b-chat-hf,llama
73944185,0.7238191366195679,LOW,gpt-3.5-turbo,chat-gpt-3.5
75135939,0.7249895930290222,HIGH,gpt-3.5-turbo,chat-gpt-3.5
73515766,0.7252198457717896,MEDIUM,meta-llama/Llama-2-7b-chat-hf,llama
75920221,0.7253152132034302,HIGH,gpt-3.5-turbo,chat-gpt-3.5
73248689,0.7253893613815308,HIGH,gpt-3.5-turbo,chat-gpt-3.5
75346885,0.7254131436347961,HIGH,gpt-3.5-turbo,chat-gpt-3.5
72936313,0.7258819341659546,MEDIUM,meta-llama/Llama-2-7b-chat-hf,llama
75135939,0.7268631458282471,LOW,meta-llama/Llama-2-7b-chat-hf,llama
73772360,0.7268797755241394,MEDIUM,gpt-3.5-turbo,chat-gpt-3.5
75144334,0.7269203662872314,LOW,gpt-3.5-turbo,chat-gpt-3.5
74802863,0.7270424962043762,MEDIUM,gpt-3.5-turbo,chat-gpt-3.5
72965331,0.7272000908851624,HIGH,meta-llama/Llama-2-7b-chat-hf,llama
73188739,0.7272539138793945,MEDIUM,gpt-3.5-turbo,chat-gpt-3.5
74717107,0.7273678779602051,HIGH,gpt-3.5-turbo,chat-gpt-3.5
74694970,0.7275869846343994,MEDIUM,meta-llama/Llama-2-7b-chat-hf,llama
74792246,0.7278537750244141,LOW,meta-llama/Llama-2-7b-chat-hf,llama
75494817,0.727948009967804,MEDIUM,meta-llama/Llama-2-7b-chat-hf,llama
74645329,0.7284971475601196,HIGH,gpt-3.5-turbo,chat-gpt-3.5
75369191,0.728629469871521,MEDIUM,gpt-3.5-turbo,chat-gpt-3.5
73034413,0.7286795377731323,HIGH,gpt-3.5-turbo,chat-gpt-3.5
74886135,0.7288466095924377,MEDIUM,gpt-3.5-turbo,chat-gpt-3.5
73262628,0.7298859357833862,MEDIUM,gpt-3.5-turbo,chat-gpt-3.5
73676462,0.7301681637763977,MEDIUM,gpt-3.5-turbo,chat-gpt-3.5
74794400,0.7302544116973877,HIGH,gpt-3.5-turbo,chat-gpt-3.5
75514021,0.7302793264389038,MEDIUM,gpt-3.5-turbo,chat-gpt-3.5
74321568,0.730462908744812,MEDIUM,meta-llama/Llama-2-7b-chat-hf,llama
73106769,0.7304757237434387,MEDIUM,gpt-3.5-turbo,chat-gpt-3.5
73543246,0.73056560754776,MEDIUM,meta-llama/Llama-2-7b-chat-hf,llama
73101069,0.730847179889679,HIGH,gpt-3.5-turbo,chat-gpt-3.5
75894490,0.7310342788696289,LOW,gpt-3.5-turbo,chat-gpt-3.5
75610549,0.731365442276001,MEDIUM,meta-llama/Llama-2-7b-chat-hf,llama
75745637,0.7318474650382996,HIGH,meta-llama/Llama-2-7b-chat-hf,llama
74661098,0.7318785190582275,MEDIUM,gpt-3.5-turbo,chat-gpt-3.5
73003300,0.7318916916847229,MEDIUM,gpt-3.5-turbo,chat-gpt-3.5
73550999,0.7319608926773071,HIGH,gpt-3.5-turbo,chat-gpt-3.5
74490549,0.7321139574050903,HIGH,gpt-3.5-turbo,chat-gpt-3.5
72965331,0.7323265075683594,MEDIUM,gpt-3.5-turbo,chat-gpt-3.5
74813041,0.7323969602584839,HIGH,meta-llama/Llama-2-7b-chat-hf,llama
74575521,0.7327157855033875,LOW,gpt-3.5-turbo,chat-gpt-3.5
75205665,0.733063817024231,LOW,meta-llama/Llama-2-7b-chat-hf,llama
74433987,0.7331683039665222,MEDIUM,meta-llama/Llama-2-7b-chat-hf,llama
75210719,0.733317494392395,MEDIUM,meta-llama/Llama-2-7b-chat-hf,llama
75958436,0.7333806157112122,LOW,meta-llama/Llama-2-7b-chat-hf,llama
72935457,0.7341188192367554,MEDIUM,meta-llama/Llama-2-7b-chat-hf,llama
74704512,0.7342503070831299,LOW,meta-llama/Llama-2-7b-chat-hf,llama
75238728,0.7343569993972778,HIGH,gpt-3.5-turbo,chat-gpt-3.5
75841863,0.7348295450210571,MEDIUM,meta-llama/Llama-2-7b-chat-hf,llama
74204364,0.7356465458869934,LOW,gpt-3.5-turbo,chat-gpt-3.5
75513958,0.7356947660446167,HIGH,gpt-3.5-turbo,chat-gpt-3.5
75194988,0.7357041835784912,MEDIUM,gpt-3.5-turbo,chat-gpt-3.5
74870967,0.7359894514083862,MEDIUM,meta-llama/Llama-2-7b-chat-hf,llama
75307309,0.736320436000824,MEDIUM,meta-llama/Llama-2-7b-chat-hf,llama
74729692,0.7364125847816467,HIGH,gpt-3.5-turbo,chat-gpt-3.5
74471297,0.7367669343948364,MEDIUM,gpt-3.5-turbo,chat-gpt-3.5
75888265,0.7368789911270142,HIGH,meta-llama/Llama-2-7b-chat-hf,llama
75010505,0.7370474338531494,HIGH,gpt-3.5-turbo,chat-gpt-3.5
75416375,0.7373510599136353,LOW,gpt-3.5-turbo,chat-gpt-3.5
73630660,0.7384727001190186,LOW,meta-llama/Llama-2-7b-chat-hf,llama
73165456,0.7388737797737122,HIGH,meta-llama/Llama-2-7b-chat-hf,llama
74721482,0.7391365766525269,HIGH,gpt-3.5-turbo,chat-gpt-3.5
74792246,0.7393732666969299,MEDIUM,gpt-3.5-turbo,chat-gpt-3.5
75080882,0.739970862865448,LOW,gpt-3.5-turbo,chat-gpt-3.5
73101069,0.7407042980194092,MEDIUM,meta-llama/Llama-2-7b-chat-hf,llama
75429405,0.7408266663551331,HIGH,meta-llama/Llama-2-7b-chat-hf,llama
74698926,0.7411261200904846,HIGH,gpt-3.5-turbo,chat-gpt-3.5
74894428,0.7412463426589966,MEDIUM,gpt-3.5-turbo,chat-gpt-3.5
75080442,0.7413745522499084,MEDIUM,gpt-3.5-turbo,chat-gpt-3.5
73964168,0.742169976234436,MEDIUM,gpt-3.5-turbo,chat-gpt-3.5
74758047,0.7422674298286438,LOW,meta-llama/Llama-2-7b-chat-hf,llama
75666909,0.7425187230110168,HIGH,meta-llama/Llama-2-7b-chat-hf,llama
73367075,0.7426750659942627,LOW,meta-llama/Llama-2-7b-chat-hf,llama
73389055,0.7427571415901184,MEDIUM,gpt-3.5-turbo,chat-gpt-3.5
75130798,0.7431195378303528,MEDIUM,gpt-3.5-turbo,chat-gpt-3.5
73694809,0.7431584596633911,MEDIUM,meta-llama/Llama-2-7b-chat-hf,llama
75259335,0.7435282468795776,HIGH,gpt-3.5-turbo,chat-gpt-3.5
75974000,0.7435636520385742,MEDIUM,gpt-3.5-turbo,chat-gpt-3.5
73407546,0.7445863485336304,HIGH,meta-llama/Llama-2-7b-chat-hf,llama
73925755,0.744661808013916,MEDIUM,meta-llama/Llama-2-7b-chat-hf,llama
75723462,0.7447828650474548,HIGH,gpt-3.5-turbo,chat-gpt-3.5
72966759,0.7449688911437988,LOW,gpt-3.5-turbo,chat-gpt-3.5
73634127,0.7450054883956909,MEDIUM,gpt-3.5-turbo,chat-gpt-3.5
74955237,0.7450909614562988,HIGH,meta-llama/Llama-2-7b-chat-hf,llama
75442293,0.7454437017440796,HIGH,gpt-3.5-turbo,chat-gpt-3.5
73389055,0.7455120086669922,MEDIUM,meta-llama/Llama-2-7b-chat-hf,llama
75762757,0.745577335357666,MEDIUM,gpt-3.5-turbo,chat-gpt-3.5
74765010,0.7459194660186768,MEDIUM,gpt-3.5-turbo,chat-gpt-3.5
73407546,0.7461215853691101,MEDIUM,gpt-3.5-turbo,chat-gpt-3.5
73397834,0.7462485432624817,MEDIUM,gpt-3.5-turbo,chat-gpt-3.5
73891997,0.7463073134422302,MEDIUM,meta-llama/Llama-2-7b-chat-hf,llama
74422137,0.7463085651397705,MEDIUM,gpt-3.5-turbo,chat-gpt-3.5
73676116,0.746365487575531,MEDIUM,gpt-3.5-turbo,chat-gpt-3.5
75062538,0.7463717460632324,HIGH,meta-llama/Llama-2-7b-chat-hf,llama
74632731,0.7465305328369141,HIGH,meta-llama/Llama-2-7b-chat-hf,llama
75219282,0.7465989589691162,MEDIUM,gpt-3.5-turbo,chat-gpt-3.5
74825007,0.7469590902328491,MEDIUM,meta-llama/Llama-2-7b-chat-hf,llama
75353543,0.7470963001251221,HIGH,gpt-3.5-turbo,chat-gpt-3.5
76082047,0.7471307516098022,VERY HIGH,meta-llama/Llama-2-7b-chat-hf,llama
73989407,0.7471796870231628,MEDIUM,meta-llama/Llama-2-7b-chat-hf,llama
75412792,0.7478119134902954,MEDIUM,gpt-3.5-turbo,chat-gpt-3.5
75666984,0.7481282949447632,MEDIUM,gpt-3.5-turbo,chat-gpt-3.5
75052561,0.7482250928878784,LOW,gpt-3.5-turbo,chat-gpt-3.5
75144334,0.748297929763794,MEDIUM,meta-llama/Llama-2-7b-chat-hf,llama
75666984,0.748356819152832,MEDIUM,meta-llama/Llama-2-7b-chat-hf,llama
76009085,0.7483793497085571,HIGH,gpt-3.5-turbo,chat-gpt-3.5
74168837,0.7484520077705383,LOW,gpt-3.5-turbo,chat-gpt-3.5
74768073,0.7489108443260193,HIGH,meta-llama/Llama-2-7b-chat-hf,llama
73954718,0.7490152716636658,MEDIUM,gpt-3.5-turbo,chat-gpt-3.5
74603229,0.7490925788879395,MEDIUM,meta-llama/Llama-2-7b-chat-hf,llama
73248689,0.7492468357086182,MEDIUM,meta-llama/Llama-2-7b-chat-hf,llama
74768073,0.7496953010559082,HIGH,gpt-3.5-turbo,chat-gpt-3.5
76066060,0.7498471736907959,MEDIUM,gpt-3.5-turbo,chat-gpt-3.5
74109047,0.7502522468566895,HIGH,gpt-3.5-turbo,chat-gpt-3.5
73946426,0.7508147358894348,HIGH,gpt-3.5-turbo,chat-gpt-3.5
75080442,0.7510101795196533,HIGH,meta-llama/Llama-2-7b-chat-hf,llama
73102008,0.7524318695068359,HIGH,gpt-3.5-turbo,chat-gpt-3.5
74825007,0.7525159120559692,MEDIUM,gpt-3.5-turbo,chat-gpt-3.5
75426952,0.75276118516922,MEDIUM,gpt-3.5-turbo,chat-gpt-3.5
73000455,0.7529018521308899,MEDIUM,meta-llama/Llama-2-7b-chat-hf,llama
73534241,0.7530564069747925,MEDIUM,meta-llama/Llama-2-7b-chat-hf,llama
75150846,0.7533844709396362,HIGH,gpt-3.5-turbo,chat-gpt-3.5
72936313,0.7535263895988464,HIGH,gpt-3.5-turbo,chat-gpt-3.5
73809448,0.7535791397094727,LOW,gpt-3.5-turbo,chat-gpt-3.5
75666909,0.7536961436271667,HIGH,gpt-3.5-turbo,chat-gpt-3.5
73550999,0.7541083693504333,MEDIUM,meta-llama/Llama-2-7b-chat-hf,llama
74795206,0.7544122934341431,MEDIUM,meta-llama/Llama-2-7b-chat-hf,llama
75341458,0.7544189691543579,MEDIUM,meta-llama/Llama-2-7b-chat-hf,llama
74708210,0.7545404434204102,HIGH,gpt-3.5-turbo,chat-gpt-3.5
75606592,0.7549928426742554,MEDIUM,gpt-3.5-turbo,chat-gpt-3.5
73985472,0.7554013729095459,LOW,meta-llama/Llama-2-7b-chat-hf,llama
73551864,0.7555767297744751,VERY HIGH,gpt-3.5-turbo,chat-gpt-3.5
74543156,0.7559125423431396,MEDIUM,gpt-3.5-turbo,chat-gpt-3.5
75999602,0.7562230229377747,MEDIUM,gpt-3.5-turbo,chat-gpt-3.5
74903024,0.7562367916107178,MEDIUM,meta-llama/Llama-2-7b-chat-hf,llama
74440532,0.7562940120697021,MEDIUM,meta-llama/Llama-2-7b-chat-hf,llama
75056287,0.7563431262969971,HIGH,gpt-3.5-turbo,chat-gpt-3.5
75298311,0.7567098140716553,MEDIUM,gpt-3.5-turbo,chat-gpt-3.5
73060562,0.7571666240692139,MEDIUM,meta-llama/Llama-2-7b-chat-hf,llama
75828054,0.7576341032981873,MEDIUM,gpt-3.5-turbo,chat-gpt-3.5
72988901,0.7579355239868164,MEDIUM,gpt-3.5-turbo,chat-gpt-3.5
75349712,0.758072018623352,MEDIUM,meta-llama/Llama-2-7b-chat-hf,llama
75233987,0.7584446668624878,MEDIUM,meta-llama/Llama-2-7b-chat-hf,llama
74844464,0.7586870193481445,HIGH,gpt-3.5-turbo,chat-gpt-3.5
74698926,0.7587859034538269,HIGH,meta-llama/Llama-2-7b-chat-hf,llama
72882674,0.7589199542999268,HIGH,gpt-3.5-turbo,chat-gpt-3.5
74242518,0.7590121030807495,LOW,meta-llama/Llama-2-7b-chat-hf,llama
73538666,0.759110689163208,MEDIUM,meta-llama/Llama-2-7b-chat-hf,llama
74632731,0.760144829750061,HIGH,gpt-3.5-turbo,chat-gpt-3.5
74509701,0.7606091499328613,HIGH,meta-llama/Llama-2-7b-chat-hf,llama
73475744,0.7608519792556763,MEDIUM,meta-llama/Llama-2-7b-chat-hf,llama
74941125,0.7611016035079956,MEDIUM,gpt-3.5-turbo,chat-gpt-3.5
73874791,0.7614423036575317,MEDIUM,gpt-3.5-turbo,chat-gpt-3.5
74694970,0.7616063356399536,MEDIUM,gpt-3.5-turbo,chat-gpt-3.5
74168837,0.7616180181503296,LOW,meta-llama/Llama-2-7b-chat-hf,llama
73314559,0.7618662118911743,MEDIUM,meta-llama/Llama-2-7b-chat-hf,llama
75940783,0.7619221210479736,MEDIUM,gpt-3.5-turbo,chat-gpt-3.5
75973321,0.7621161937713623,HIGH,meta-llama/Llama-2-7b-chat-hf,llama
74381155,0.7622411251068115,MEDIUM,gpt-3.5-turbo,chat-gpt-3.5
73465679,0.7623692750930786,MEDIUM,gpt-3.5-turbo,chat-gpt-3.5
73377019,0.7623872756958008,HIGH,gpt-3.5-turbo,chat-gpt-3.5
74678625,0.7624305486679077,MEDIUM,meta-llama/Llama-2-7b-chat-hf,llama
75517315,0.7629351615905762,MEDIUM,gpt-3.5-turbo,chat-gpt-3.5
75095945,0.7632282972335815,MEDIUM,gpt-3.5-turbo,chat-gpt-3.5
74633644,0.7633988857269287,LOW,meta-llama/Llama-2-7b-chat-hf,llama
74199102,0.7634673714637756,HIGH,gpt-3.5-turbo,chat-gpt-3.5
73397834,0.7635340690612793,HIGH,meta-llama/Llama-2-7b-chat-hf,llama
74905593,0.7639063596725464,MEDIUM,gpt-3.5-turbo,chat-gpt-3.5
75442293,0.7641985416412354,MEDIUM,meta-llama/Llama-2-7b-chat-hf,llama
74448709,0.7643362879753113,MEDIUM,meta-llama/Llama-2-7b-chat-hf,llama
74930743,0.7647099494934082,HIGH ,meta-llama/Llama-2-7b-chat-hf,llama
74509701,0.7647684812545776,MEDIUM,gpt-3.5-turbo,chat-gpt-3.5
75193954,0.7648410797119141,LOW,gpt-3.5-turbo,chat-gpt-3.5
74626863,0.7653402090072632,MEDIUM,meta-llama/Llama-2-7b-chat-hf,llama
75894490,0.7660791873931885,MEDIUM,meta-llama/Llama-2-7b-chat-hf,llama
73587743,0.7664619088172913,HIGH,gpt-3.5-turbo,chat-gpt-3.5
74934470,0.7665613293647766,MEDIUM,gpt-3.5-turbo,chat-gpt-3.5
74571672,0.7668683528900146,MEDIUM,meta-llama/Llama-2-7b-chat-hf,llama
73977102,0.766920804977417,LOW,meta-llama/Llama-2-7b-chat-hf,llama
74318528,0.7670907974243164,MEDIUM,gpt-3.5-turbo,chat-gpt-3.5
73968425,0.7672054767608643,HIGH,gpt-3.5-turbo,chat-gpt-3.5
75085893,0.7681145668029785,HIGH,gpt-3.5-turbo,chat-gpt-3.5
74906864,0.7686108946800232,MEDIUM,gpt-3.5-turbo,chat-gpt-3.5
75617550,0.7688043117523193,LOW,meta-llama/Llama-2-7b-chat-hf,llama
73537413,0.7688270211219788,MEDIUM,gpt-3.5-turbo,chat-gpt-3.5
73442986,0.7696813344955444,MEDIUM,gpt-3.5-turbo,chat-gpt-3.5
73196092,0.769700288772583,MEDIUM,meta-llama/Llama-2-7b-chat-hf,llama
74612337,0.7697181105613708,MEDIUM,meta-llama/Llama-2-7b-chat-hf,llama
73543246,0.7699167728424072,MEDIUM,gpt-3.5-turbo,chat-gpt-3.5
75579392,0.7699549794197083,MEDIUM,gpt-3.5-turbo,chat-gpt-3.5
73555284,0.7701499462127686,HIGH,meta-llama/Llama-2-7b-chat-hf,llama
73903603,0.7703815698623657,MEDIUM,meta-llama/Llama-2-7b-chat-hf,llama
75187395,0.7704640626907349,MEDIUM,gpt-3.5-turbo,chat-gpt-3.5
75439576,0.7706428170204163,LOW,gpt-3.5-turbo,chat-gpt-3.5
73125825,0.7707811594009399,MEDIUM,gpt-3.5-turbo,chat-gpt-3.5
73611950,0.7717803120613098,MEDIUM,meta-llama/Llama-2-7b-chat-hf,llama
74661098,0.7723113298416138,HIGH,meta-llama/Llama-2-7b-chat-hf,llama
75340300,0.7725486755371094,MEDIUM,gpt-3.5-turbo,chat-gpt-3.5
74976717,0.7734075784683228,LOW,gpt-3.5-turbo,chat-gpt-3.5
75723026,0.7735953330993652,MEDIUM,meta-llama/Llama-2-7b-chat-hf,llama
74406469,0.7739859819412231,LOW,gpt-3.5-turbo,chat-gpt-3.5
75307309,0.7741808891296387,HIGH,gpt-3.5-turbo,chat-gpt-3.5
72828351,0.7744860649108887,MEDIUM,gpt-3.5-turbo,chat-gpt-3.5
73125825,0.7746174931526184,LOW,meta-llama/Llama-2-7b-chat-hf,llama
74933094,0.7748779654502869,HIGH,meta-llama/Llama-2-7b-chat-hf,llama
73791548,0.775774359703064,MEDIUM,meta-llama/Llama-2-7b-chat-hf,llama
75579392,0.7766867280006409,LOW,meta-llama/Llama-2-7b-chat-hf,llama
73630660,0.7770649194717407,HIGH,gpt-3.5-turbo,chat-gpt-3.5
73573447,0.7770865559577942,LOW,gpt-3.5-turbo,chat-gpt-3.5
73870058,0.7774507999420166,MEDIUM,meta-llama/Llama-2-7b-chat-hf,llama
74109047,0.7785854935646057,LOW,meta-llama/Llama-2-7b-chat-hf,llama
75815092,0.7787081003189087,HIGH,meta-llama/Llama-2-7b-chat-hf,llama
74371499,0.7788007259368896,HIGH,gpt-3.5-turbo,chat-gpt-3.5
72986123,0.7792601585388184,HIGH,meta-llama/Llama-2-7b-chat-hf,llama
74026877,0.7794742584228516,MEDIUM,gpt-3.5-turbo,chat-gpt-3.5
75815092,0.7797768712043762,LOW,gpt-3.5-turbo,chat-gpt-3.5
74836161,0.7798610925674438,MEDIUM,gpt-3.5-turbo,chat-gpt-3.5
74708210,0.7804522514343262,HIGH,meta-llama/Llama-2-7b-chat-hf,llama
72921785,0.7806692719459534,LOW,gpt-3.5-turbo,chat-gpt-3.5
75210719,0.7807315587997437,HIGH,gpt-3.5-turbo,chat-gpt-3.5
75353543,0.7807414531707764,LOW,meta-llama/Llama-2-7b-chat-hf,llama
75763820,0.7813326120376587,MEDIUM,meta-llama/Llama-2-7b-chat-hf,llama
75259576,0.7816265821456909,MEDIUM,gpt-3.5-turbo,chat-gpt-3.5
73633189,0.7819627523422241,LOW,meta-llama/Llama-2-7b-chat-hf,llama
72986123,0.7822381258010864,MEDIUM,gpt-3.5-turbo,chat-gpt-3.5
73611950,0.7823899984359741,HIGH,gpt-3.5-turbo,chat-gpt-3.5
75758831,0.7840931415557861,HIGH,gpt-3.5-turbo,chat-gpt-3.5
73515934,0.7845739126205444,VERY HIGH,meta-llama/Llama-2-7b-chat-hf,llama
73977102,0.7850316166877747,MEDIUM,gpt-3.5-turbo,chat-gpt-3.5
75149224,0.7850868701934814,MEDIUM,gpt-3.5-turbo,chat-gpt-3.5
73858913,0.7850944399833679,MEDIUM,meta-llama/Llama-2-7b-chat-hf,llama
73693052,0.7851158380508423,MEDIUM,gpt-3.5-turbo,chat-gpt-3.5
73555284,0.7854311466217041,MEDIUM,gpt-3.5-turbo,chat-gpt-3.5
75412792,0.786393404006958,HIGH,meta-llama/Llama-2-7b-chat-hf,llama
73314559,0.7870499491691589,HIGH,gpt-3.5-turbo,chat-gpt-3.5
74318528,0.7871920466423035,LOW,meta-llama/Llama-2-7b-chat-hf,llama
73709225,0.7875152230262756,MEDIUM,gpt-3.5-turbo,chat-gpt-3.5
75650611,0.7875921726226807,MEDIUM,meta-llama/Llama-2-7b-chat-hf,llama
76024411,0.787601113319397,HIGH,gpt-3.5-turbo,chat-gpt-3.5
75318474,0.7880033254623413,LOW,meta-llama/Llama-2-7b-chat-hf,llama
75717363,0.7880054116249084,HIGH,meta-llama/Llama-2-7b-chat-hf,llama
75926446,0.7880344986915588,HIGH,gpt-3.5-turbo,chat-gpt-3.5
75205665,0.7884628772735596,LOW,gpt-3.5-turbo,chat-gpt-3.5
73591819,0.7885768413543701,MEDIUM,meta-llama/Llama-2-7b-chat-hf,llama
72887432,0.7886430621147156,HIGH,gpt-3.5-turbo,chat-gpt-3.5
74895100,0.7896817922592163,HIGH,meta-llama/Llama-2-7b-chat-hf,llama
74349234,0.7896903157234192,MEDIUM,gpt-3.5-turbo,chat-gpt-3.5
75536237,0.7900325059890747,LOW,meta-llama/Llama-2-7b-chat-hf,llama
75701352,0.7903193235397339,LOW,meta-llama/Llama-2-7b-chat-hf,llama
72940123,0.7913431525230408,MEDIUM,gpt-3.5-turbo,chat-gpt-3.5
75581187,0.7928802371025085,MEDIUM,meta-llama/Llama-2-7b-chat-hf,llama
73537413,0.7928978800773621,MEDIUM,meta-llama/Llama-2-7b-chat-hf,llama
73316485,0.7930283546447754,HIGH,gpt-3.5-turbo,chat-gpt-3.5
74776364,0.7930986285209656,LOW,meta-llama/Llama-2-7b-chat-hf,llama
73635965,0.7932851314544678,MEDIUM,meta-llama/Llama-2-7b-chat-hf,llama
75958436,0.7933730483055115,HIGH,gpt-3.5-turbo,chat-gpt-3.5
73398477,0.7936216592788696,HIGH,gpt-3.5-turbo,chat-gpt-3.5
73299474,0.7936707139015198,LOW,gpt-3.5-turbo,chat-gpt-3.5
74633644,0.79383385181427,HIGH,gpt-3.5-turbo,chat-gpt-3.5
72957907,0.7942116260528564,MEDIUM,gpt-3.5-turbo,chat-gpt-3.5
72970327,0.7946734428405762,MEDIUM,meta-llama/Llama-2-7b-chat-hf,llama
73683516,0.7951775789260864,MEDIUM,meta-llama/Llama-2-7b-chat-hf,llama
75141541,0.7961708307266235,MEDIUM,meta-llama/Llama-2-7b-chat-hf,llama
75459074,0.7963658571243286,MEDIUM,meta-llama/Llama-2-7b-chat-hf,llama
73746526,0.7966388463973999,MEDIUM,meta-llama/Llama-2-7b-chat-hf,llama
76011691,0.7967102527618408,HIGH,meta-llama/Llama-2-7b-chat-hf,llama
74490549,0.7972906231880188,LOW,meta-llama/Llama-2-7b-chat-hf,llama
73072459,0.7974171042442322,MEDIUM,meta-llama/Llama-2-7b-chat-hf,llama
75011823,0.7975447773933411,MEDIUM,meta-llama/Llama-2-7b-chat-hf,llama
72854554,0.7977027297019958,HIGH,meta-llama/Llama-2-7b-chat-hf,llama
73277769,0.7977827191352844,HIGH,gpt-3.5-turbo,chat-gpt-3.5
73841384,0.7978571653366089,MEDIUM,meta-llama/Llama-2-7b-chat-hf,llama
75888265,0.7980066537857056,MEDIUM,gpt-3.5-turbo,chat-gpt-3.5
74286842,0.7986584305763245,HIGH,gpt-3.5-turbo,chat-gpt-3.5
74118094,0.799856424331665,MEDIUM,gpt-3.5-turbo,chat-gpt-3.5
73518721,0.8002170920372009,MEDIUM,gpt-3.5-turbo,chat-gpt-3.5
74929519,0.8005854487419128,MEDIUM,meta-llama/Llama-2-7b-chat-hf,llama
74438621,0.8008103370666504,LOW,gpt-3.5-turbo,chat-gpt-3.5
75801284,0.8018651604652405,LOW,gpt-3.5-turbo,chat-gpt-3.5
74363179,0.8019112944602966,HIGH,gpt-3.5-turbo,chat-gpt-3.5
75801284,0.8019949197769165,MEDIUM,meta-llama/Llama-2-7b-chat-hf,llama
75194988,0.8029732704162598,HIGH,meta-llama/Llama-2-7b-chat-hf,llama
75346885,0.8031526803970337,LOW,meta-llama/Llama-2-7b-chat-hf,llama
75141541,0.8032451272010803,HIGH,gpt-3.5-turbo,chat-gpt-3.5
75513958,0.8035902380943298,MEDIUM,meta-llama/Llama-2-7b-chat-hf,llama
75335522,0.8037436008453369,MEDIUM,gpt-3.5-turbo,chat-gpt-3.5
74349234,0.8050480484962463,MEDIUM,meta-llama/Llama-2-7b-chat-hf,llama
73534241,0.8052553534507751,LOW,gpt-3.5-turbo,chat-gpt-3.5
73903529,0.8073045611381531,MEDIUM,meta-llama/Llama-2-7b-chat-hf,llama
74237043,0.8074077367782593,HIGH,meta-llama/Llama-2-7b-chat-hf,llama
74118094,0.8078498840332031,MEDIUM,meta-llama/Llama-2-7b-chat-hf,llama
73676116,0.8084703087806702,MEDIUM,meta-llama/Llama-2-7b-chat-hf,llama
74829371,0.8096078038215637,VERY LOW,meta-llama/Llama-2-7b-chat-hf,llama
75745637,0.8098742365837097,MEDIUM,gpt-3.5-turbo,chat-gpt-3.5
75604275,0.8099510073661804,MEDIUM,meta-llama/Llama-2-7b-chat-hf,llama
74958798,0.8105614185333252,HIGH,gpt-3.5-turbo,chat-gpt-3.5
74495897,0.8112669587135315,MEDIUM,gpt-3.5-turbo,chat-gpt-3.5
75090788,0.8123273849487305,MEDIUM,meta-llama/Llama-2-7b-chat-hf,llama
73060562,0.8124430179595947,LOW,gpt-3.5-turbo,chat-gpt-3.5
75062538,0.8134819269180298,HIGH,gpt-3.5-turbo,chat-gpt-3.5
75792418,0.8140835762023926,LOW,meta-llama/Llama-2-7b-chat-hf,llama
72847591,0.8142536878585815,MEDIUM,gpt-3.5-turbo,chat-gpt-3.5
75459074,0.8147450685501099,MEDIUM,gpt-3.5-turbo,chat-gpt-3.5
72830586,0.8148115277290344,MEDIUM,gpt-3.5-turbo,chat-gpt-3.5
73206798,0.8152889609336853,HIGH,meta-llama/Llama-2-7b-chat-hf,llama
75681460,0.8156698942184448,MEDIUM,meta-llama/Llama-2-7b-chat-hf,llama
75298311,0.8160162568092346,HIGH,meta-llama/Llama-2-7b-chat-hf,llama
74985752,0.8163363933563232,MEDIUM,gpt-3.5-turbo,chat-gpt-3.5
74440532,0.8165984749794006,MEDIUM,gpt-3.5-turbo,chat-gpt-3.5
73290373,0.8167527914047241,HIGH,meta-llama/Llama-2-7b-chat-hf,llama
75022490,0.8170519471168518,LOW,gpt-3.5-turbo,chat-gpt-3.5
75536237,0.8181224465370178,HIGH,gpt-3.5-turbo,chat-gpt-3.5
72940123,0.8182895183563232,HIGH,meta-llama/Llama-2-7b-chat-hf,llama
75233987,0.8187342286109924,MEDIUM,gpt-3.5-turbo,chat-gpt-3.5
74590672,0.8187897801399231,HIGH,gpt-3.5-turbo,chat-gpt-3.5
74412442,0.8197073936462402,MEDIUM,gpt-3.5-turbo,chat-gpt-3.5
74460252,0.8198500275611877,MEDIUM,gpt-3.5-turbo,chat-gpt-3.5
75176482,0.8201451301574707,LOW,meta-llama/Llama-2-7b-chat-hf,llama
74941125,0.8210968971252441,HIGH,meta-llama/Llama-2-7b-chat-hf,llama
74891998,0.8212238550186157,MEDIUM,meta-llama/Llama-2-7b-chat-hf,llama
74223372,0.8223923444747925,MEDIUM,meta-llama/Llama-2-7b-chat-hf,llama
73925755,0.8223980665206909,LOW,gpt-3.5-turbo,chat-gpt-3.5
75792418,0.8226102590560913,MEDIUM,gpt-3.5-turbo,chat-gpt-3.5
73870058,0.8231123089790344,MEDIUM,gpt-3.5-turbo,chat-gpt-3.5
74895100,0.8245165348052979,MEDIUM,gpt-3.5-turbo,chat-gpt-3.5
75779286,0.8246934413909912,HIGH,meta-llama/Llama-2-7b-chat-hf,llama
75754152,0.8247928023338318,HIGH,gpt-3.5-turbo,chat-gpt-3.5
75644586,0.82514488697052,HIGH,gpt-3.5-turbo,chat-gpt-3.5
73206798,0.8262590169906616,MEDIUM,gpt-3.5-turbo,chat-gpt-3.5
73676462,0.8263737559318542,MEDIUM,meta-llama/Llama-2-7b-chat-hf,llama
74829371,0.8272030353546143,MEDIUM,gpt-3.5-turbo,chat-gpt-3.5
73538666,0.8277786374092102,MEDIUM,gpt-3.5-turbo,chat-gpt-3.5
73635965,0.828054666519165,MEDIUM,gpt-3.5-turbo,chat-gpt-3.5
73093527,0.828361988067627,HIGH,meta-llama/Llama-2-7b-chat-hf,llama
75754152,0.8287621736526489,MEDIUM,meta-llama/Llama-2-7b-chat-hf,llama
74912847,0.8299810290336609,MEDIUM,gpt-3.5-turbo,chat-gpt-3.5
75044024,0.8307232856750488,HIGH,meta-llama/Llama-2-7b-chat-hf,llama
73493717,0.8311560153961182,MEDIUM,gpt-3.5-turbo,chat-gpt-3.5
73393051,0.8315768837928772,MEDIUM,meta-llama/Llama-2-7b-chat-hf,llama
73283623,0.8327789902687073,HIGH,gpt-3.5-turbo,chat-gpt-3.5
74678625,0.8328839540481567,MEDIUM,gpt-3.5-turbo,chat-gpt-3.5
75779286,0.8337481617927551,HIGH,gpt-3.5-turbo,chat-gpt-3.5
74485432,0.8341127634048462,MEDIUM,gpt-3.5-turbo,chat-gpt-3.5
75681460,0.8344558477401733,HIGH,gpt-3.5-turbo,chat-gpt-3.5
73707930,0.8348441123962402,MEDIUM,meta-llama/Llama-2-7b-chat-hf,llama
73709225,0.8354099988937378,MEDIUM,meta-llama/Llama-2-7b-chat-hf,llama
73393051,0.8354752063751221,MEDIUM,gpt-3.5-turbo,chat-gpt-3.5
74588596,0.835641086101532,MEDIUM,gpt-3.5-turbo,chat-gpt-3.5
72970327,0.8360815048217773,MEDIUM,gpt-3.5-turbo,chat-gpt-3.5
75150846,0.8370648622512817,MEDIUM,meta-llama/Llama-2-7b-chat-hf,llama
73072459,0.8379949927330017,MEDIUM,gpt-3.5-turbo,chat-gpt-3.5
75780030,0.8381055593490601,MEDIUM,gpt-3.5-turbo,chat-gpt-3.5
75552848,0.8381605744361877,HIGH,gpt-3.5-turbo,chat-gpt-3.5
75203685,0.8385553956031799,LOW,gpt-3.5-turbo,chat-gpt-3.5
75705927,0.8405227661132812,LOW,gpt-3.5-turbo,chat-gpt-3.5
74350679,0.842707633972168,LOW,meta-llama/Llama-2-7b-chat-hf,llama
73591819,0.8430522084236145,MEDIUM,gpt-3.5-turbo,chat-gpt-3.5
76011691,0.8433732986450195,LOW,gpt-3.5-turbo,chat-gpt-3.5
74727222,0.8434896469116211,HIGH,gpt-3.5-turbo,chat-gpt-3.5
74237043,0.8442227840423584,MEDIUM,gpt-3.5-turbo,chat-gpt-3.5
73354989,0.8442513942718506,HIGH,meta-llama/Llama-2-7b-chat-hf,llama
73515766,0.8448904752731323,MEDIUM,gpt-3.5-turbo,chat-gpt-3.5
74223372,0.8449854850769043,LOW,gpt-3.5-turbo,chat-gpt-3.5
75291308,0.8450124859809875,MEDIUM,meta-llama/Llama-2-7b-chat-hf,llama
73316485,0.845514178276062,LOW,meta-llama/Llama-2-7b-chat-hf,llama
74400294,0.845611572265625,MEDIUM,gpt-3.5-turbo,chat-gpt-3.5
73093527,0.8470882177352905,MEDIUM,gpt-3.5-turbo,chat-gpt-3.5
75701352,0.8480932712554932,HIGH,gpt-3.5-turbo,chat-gpt-3.5
75196037,0.8484845161437988,LOW,gpt-3.5-turbo,chat-gpt-3.5
73920596,0.8484912514686584,HIGH,gpt-3.5-turbo,chat-gpt-3.5
73354989,0.849189043045044,MEDIUM,gpt-3.5-turbo,chat-gpt-3.5
74590672,0.8498744964599609,HIGH,meta-llama/Llama-2-7b-chat-hf,llama
73515934,0.8519198298454285,HIGH,gpt-3.5-turbo,chat-gpt-3.5
74400294,0.8522233963012695,MEDIUM,meta-llama/Llama-2-7b-chat-hf,llama
73746526,0.8524313569068909,MEDIUM,gpt-3.5-turbo,chat-gpt-3.5
74994173,0.8530541658401489,HIGH,gpt-3.5-turbo,chat-gpt-3.5
75617550,0.8531875610351562,LOW,gpt-3.5-turbo,chat-gpt-3.5
75412883,0.855098307132721,MEDIUM,gpt-3.5-turbo,chat-gpt-3.5
74933094,0.8552356958389282,MEDIUM,gpt-3.5-turbo,chat-gpt-3.5
73319080,0.8558940887451172,HIGH,gpt-3.5-turbo,chat-gpt-3.5
75198599,0.8561402559280396,LOW,gpt-3.5-turbo,chat-gpt-3.5
75291308,0.8563075065612793,HIGH,gpt-3.5-turbo,chat-gpt-3.5
75650611,0.856589674949646,HIGH,gpt-3.5-turbo,chat-gpt-3.5
73332258,0.8583470582962036,MEDIUM,meta-llama/Llama-2-7b-chat-hf,llama
74929519,0.8585765957832336,MEDIUM,gpt-3.5-turbo,chat-gpt-3.5
73319080,0.8595554232597351,MEDIUM,meta-llama/Llama-2-7b-chat-hf,llama
73683516,0.8607567548751831,LOW,gpt-3.5-turbo,chat-gpt-3.5
73657033,0.8633372783660889,MEDIUM,gpt-3.5-turbo,chat-gpt-3.5
73841384,0.865463376045227,LOW,gpt-3.5-turbo,chat-gpt-3.5
75676718,0.8661036491394043,LOW,gpt-3.5-turbo,chat-gpt-3.5
75176482,0.8681658506393433,HIGH,gpt-3.5-turbo,chat-gpt-3.5
75090788,0.8688639998435974,MEDIUM,gpt-3.5-turbo,chat-gpt-3.5
73694809,0.8699396848678589,MEDIUM,gpt-3.5-turbo,chat-gpt-3.5
75802832,0.8711923360824585,MEDIUM,gpt-3.5-turbo,chat-gpt-3.5
74659206,0.8739691972732544,HIGH,gpt-3.5-turbo,chat-gpt-3.5
75802832,0.8739780187606812,HIGH,meta-llama/Llama-2-7b-chat-hf,llama
75314123,0.8768457174301147,HIGH,gpt-3.5-turbo,chat-gpt-3.5
73032148,0.8781572580337524,MEDIUM,meta-llama/Llama-2-7b-chat-hf,llama
75036609,0.8781991004943848,MEDIUM,gpt-3.5-turbo,chat-gpt-3.5
73113554,0.8782516717910767,HIGH,meta-llama/Llama-2-7b-chat-hf,llama
74076957,0.8789211511611938,LOW,gpt-3.5-turbo,chat-gpt-3.5
74891998,0.8791913986206055,MEDIUM,gpt-3.5-turbo,chat-gpt-3.5
75036609,0.8796322345733643,MEDIUM,meta-llama/Llama-2-7b-chat-hf,llama
75604275,0.8817436695098877,HIGH,gpt-3.5-turbo,chat-gpt-3.5
76012769,0.8845442533493042,HIGH,meta-llama/Llama-2-7b-chat-hf,llama
74350679,0.885263204574585,MEDIUM,gpt-3.5-turbo,chat-gpt-3.5
75676718,0.8857881426811218,HIGH,meta-llama/Llama-2-7b-chat-hf,llama
73290373,0.886566162109375,MEDIUM,gpt-3.5-turbo,chat-gpt-3.5
75137675,0.8866451382637024,MEDIUM,meta-llama/Llama-2-7b-chat-hf,llama
74960462,0.8867530226707458,HIGH,gpt-3.5-turbo,chat-gpt-3.5
73131247,0.8869498372077942,MEDIUM,gpt-3.5-turbo,chat-gpt-3.5
72854554,0.8886780142784119,MEDIUM,gpt-3.5-turbo,chat-gpt-3.5
73687017,0.8903568387031555,LOW,meta-llama/Llama-2-7b-chat-hf,llama
73113554,0.8927920460700989,MEDIUM,gpt-3.5-turbo,chat-gpt-3.5
75341458,0.8942480683326721,LOW,gpt-3.5-turbo,chat-gpt-3.5
73032148,0.8962132334709167,HIGH,gpt-3.5-turbo,chat-gpt-3.5
73332258,0.9059485197067261,MEDIUM,gpt-3.5-turbo,chat-gpt-3.5
75355962,0.9086500406265259,HIGH,gpt-3.5-turbo,chat-gpt-3.5
72856097,0.912541389465332,MEDIUM,meta-llama/Llama-2-7b-chat-hf,llama
73657033,0.9150872230529785,MEDIUM,meta-llama/Llama-2-7b-chat-hf,llama
74960462,0.9160606265068054,MEDIUM,meta-llama/Llama-2-7b-chat-hf,llama
76012769,0.9184165000915527,HIGH,gpt-3.5-turbo,chat-gpt-3.5
75494817,0.9211219549179077,MEDIUM,gpt-3.5-turbo,chat-gpt-3.5
73687017,0.9228523969650269,MEDIUM,gpt-3.5-turbo,chat-gpt-3.5
