Question ID,LLAMA,GPT
74891998-gpt-3.5-turbo,MEDIUM,MEDIUM
74844325-gpt-3.5-turbo,MEDIUM,MEDIUM
75894490-gpt-3.5-turbo,LOW,MEDIUM
75894490-meta-llama/Llama-2-7b-chat-hf,MEDIUM,MEDIUM
75128735-gpt-3.5-turbo,MEDIUM,LOW
75418451-gpt-3.5-turbo,HIGH,VERY HIGH
75418451-meta-llama/Llama-2-7b-chat-hf,MEDIUM,MEDIUM
74787773-gpt-3.5-turbo,HIGH,VERY HIGH
74787773-meta-llama/Llama-2-7b-chat-hf,MEDIUM,VERY LOW
74910981-gpt-3.5-turbo,HIGH,LOW
75953590-meta-llama/Llama-2-7b-chat-hf,MEDIUM,VERY LOW
74955237-gpt-3.5-turbo,HIGH,HIGH
74955237-meta-llama/Llama-2-7b-chat-hf,HIGH,MEDIUM
75309327-meta-llama/Llama-2-7b-chat-hf,MEDIUM,VERY HIGH
75828054-meta-llama/Llama-2-7b-chat-hf,MEDIUM,LOW
76040523-gpt-3.5-turbo,HIGH,MEDIUM
76040523-meta-llama/Llama-2-7b-chat-hf,HIGH,MEDIUM
74639660-gpt-3.5-turbo,MEDIUM,MEDIUM
74639660-meta-llama/Llama-2-7b-chat-hf,HIGH,LOW
75361470-gpt-3.5-turbo,MEDIUM,VERY HIGH
75394657-meta-llama/Llama-2-7b-chat-hf,VERY HIGH,LOW
75678528-gpt-3.5-turbo,MEDIUM,VERY LOW
75678528-meta-llama/Llama-2-7b-chat-hf,LOW,MEDIUM
74792246-gpt-3.5-turbo,MEDIUM,HIGH
74792246-meta-llama/Llama-2-7b-chat-hf,LOW,VERY HIGH
75676718-meta-llama/Llama-2-7b-chat-hf,HIGH,VERY HIGH
75345766-gpt-3.5-turbo,MEDIUM,MEDIUM
75259576-meta-llama/Llama-2-7b-chat-hf,HIGH,VERY HIGH
75535945-gpt-3.5-turbo,MEDIUM,HIGH
74886135-gpt-3.5-turbo,MEDIUM,VERY HIGH
75412023-meta-llama/Llama-2-7b-chat-hf,MEDIUM,MEDIUM
76053426-meta-llama/Llama-2-7b-chat-hf,HIGH,MEDIUM
75477705-gpt-3.5-turbo,MEDIUM,VERY HIGH
75477705-meta-llama/Llama-2-7b-chat-hf,HIGH,HIGH
75926446-gpt-3.5-turbo,HIGH,LOW
75926446-meta-llama/Llama-2-7b-chat-hf,MEDIUM,VERY LOW
75141068-meta-llama/Llama-2-7b-chat-hf,MEDIUM,LOW
75279839-gpt-3.5-turbo,MEDIUM,LOW
75279839-meta-llama/Llama-2-7b-chat-hf,HIGH,LOW
75888265-gpt-3.5-turbo,MEDIUM,HIGH
75888265-meta-llama/Llama-2-7b-chat-hf,HIGH,MEDIUM
75606592-meta-llama/Llama-2-7b-chat-hf,MEDIUM,MEDIUM
75792418-gpt-3.5-turbo,MEDIUM,MEDIUM
75792418-meta-llama/Llama-2-7b-chat-hf,LOW,LOW
75897290-gpt-3.5-turbo,MEDIUM,MEDIUM
75897290-meta-llama/Llama-2-7b-chat-hf,MEDIUM,MEDIUM
74903024-gpt-3.5-turbo,MEDIUM,MEDIUM
74903024-meta-llama/Llama-2-7b-chat-hf,MEDIUM,MEDIUM
74727222-gpt-3.5-turbo,HIGH,VERY HIGH
75594376-gpt-3.5-turbo,MEDIUM,HIGH
75594376-meta-llama/Llama-2-7b-chat-hf,LOW,LOW
75701487-meta-llama/Llama-2-7b-chat-hf,MEDIUM,MEDIUM
75818472-gpt-3.5-turbo,HIGH,MEDIUM
75818472-meta-llama/Llama-2-7b-chat-hf,HIGH,MEDIUM
75259335-gpt-3.5-turbo,HIGH,HIGH
75259335-meta-llama/Llama-2-7b-chat-hf,HIGH,LOW
74941125-gpt-3.5-turbo,MEDIUM,HIGH
74941125-meta-llama/Llama-2-7b-chat-hf,HIGH,VERY HIGH
74776494-gpt-3.5-turbo,MEDIUM,VERY HIGH
74873498-gpt-3.5-turbo,HIGH,LOW
74829371-gpt-3.5-turbo,MEDIUM,VERY HIGH
74625152-gpt-3.5-turbo,HIGH,MEDIUM
74625152-meta-llama/Llama-2-7b-chat-hf,MEDIUM,LOW
74985752-gpt-3.5-turbo,MEDIUM,HIGH
74985752-meta-llama/Llama-2-7b-chat-hf,HIGH,LOW
75388014-meta-llama/Llama-2-7b-chat-hf,MEDIUM,HIGH
75652520-gpt-3.5-turbo,MEDIUM,VERY HIGH
75652520-meta-llama/Llama-2-7b-chat-hf,HIGH,LOW
75610201-gpt-3.5-turbo,HIGH,MEDIUM
75610201-meta-llama/Llama-2-7b-chat-hf,HIGH,VERY LOW
75004091-meta-llama/Llama-2-7b-chat-hf,HIGH,VERY HIGH
75686934-gpt-3.5-turbo,MEDIUM,VERY HIGH
75686934-meta-llama/Llama-2-7b-chat-hf,HIGH,HIGH
75536237-gpt-3.5-turbo,HIGH,HIGH
75255746-meta-llama/Llama-2-7b-chat-hf,MEDIUM,VERY LOW
74894428-gpt-3.5-turbo,MEDIUM,MEDIUM
75701352-gpt-3.5-turbo,HIGH,HIGH
75701352-meta-llama/Llama-2-7b-chat-hf,LOW,VERY LOW
75355962-gpt-3.5-turbo,HIGH,HIGH
76046277-gpt-3.5-turbo,HIGH,VERY HIGH
76046277-meta-llama/Llama-2-7b-chat-hf,LOW,VERY HIGH
74958798-gpt-3.5-turbo,HIGH,VERY HIGH
74958798-meta-llama/Llama-2-7b-chat-hf,MEDIUM,VERY HIGH
75940783-gpt-3.5-turbo,MEDIUM,MEDIUM
75449324-gpt-3.5-turbo,MEDIUM,VERY HIGH
75449324-meta-llama/Llama-2-7b-chat-hf,HIGH,VERY LOW
74645329-gpt-3.5-turbo,HIGH,HIGH
75973321-gpt-3.5-turbo,MEDIUM,LOW
75973321-meta-llama/Llama-2-7b-chat-hf,HIGH,MEDIUM
74952536-gpt-3.5-turbo,HIGH,HIGH
75705927-gpt-3.5-turbo,LOW,LOW
74678625-meta-llama/Llama-2-7b-chat-hf,MEDIUM,VERY LOW
75442293-gpt-3.5-turbo,HIGH,HIGH
75203685-meta-llama/Llama-2-7b-chat-hf,LOW,MEDIUM
74836161-meta-llama/Llama-2-7b-chat-hf,HIGH,LOW
75499333-gpt-3.5-turbo,HIGH,MEDIUM
75791645-meta-llama/Llama-2-7b-chat-hf,LOW,HIGH
75005196-gpt-3.5-turbo,MEDIUM,MEDIUM
75010505-meta-llama/Llama-2-7b-chat-hf,HIGH,HIGH
75723026-meta-llama/Llama-2-7b-chat-hf,MEDIUM,LOW
75517315-gpt-3.5-turbo,MEDIUM,VERY HIGH
75517315-meta-llama/Llama-2-7b-chat-hf,MEDIUM,HIGH
75717664-gpt-3.5-turbo,LOW,MEDIUM
74971911-gpt-3.5-turbo,MEDIUM,VERY HIGH
74971911-meta-llama/Llama-2-7b-chat-hf,MEDIUM,MEDIUM
75441608-gpt-3.5-turbo,HIGH,HIGH
75441608-meta-llama/Llama-2-7b-chat-hf,HIGH,MEDIUM
74758047-meta-llama/Llama-2-7b-chat-hf,LOW,LOW
75233987-gpt-3.5-turbo,MEDIUM,LOW
76037084-gpt-3.5-turbo,MEDIUM,MEDIUM
74691834-gpt-3.5-turbo,MEDIUM,HIGH
75920221-gpt-3.5-turbo,HIGH,VERY HIGH
75920221-meta-llama/Llama-2-7b-chat-hf,MEDIUM,VERY HIGH
75056900-meta-llama/Llama-2-7b-chat-hf,HIGH,LOW
75689998-meta-llama/Llama-2-7b-chat-hf,MEDIUM,VERY HIGH
75221294-gpt-3.5-turbo,MEDIUM,LOW
75221294-meta-llama/Llama-2-7b-chat-hf,MEDIUM,MEDIUM
76034504-gpt-3.5-turbo,MEDIUM,HIGH
76034504-meta-llama/Llama-2-7b-chat-hf,VERY HIGH,VERY HIGH
75211654-gpt-3.5-turbo,HIGH,MEDIUM
74717107-gpt-3.5-turbo,HIGH,MEDIUM
74717107-meta-llama/Llama-2-7b-chat-hf,HIGH,MEDIUM
75974000-gpt-3.5-turbo,MEDIUM,VERY HIGH
75974000-meta-llama/Llama-2-7b-chat-hf,HIGH,LOW
75298311-gpt-3.5-turbo,MEDIUM,HIGH
75298311-meta-llama/Llama-2-7b-chat-hf,HIGH,HIGH
75037519-gpt-3.5-turbo,MEDIUM,VERY HIGH
74929519-gpt-3.5-turbo,MEDIUM,HIGH
74622976-gpt-3.5-turbo,HIGH,VERY HIGH
74622976-meta-llama/Llama-2-7b-chat-hf,MEDIUM,VERY LOW
75114654-gpt-3.5-turbo,MEDIUM,LOW
75854182-meta-llama/Llama-2-7b-chat-hf,MEDIUM,LOW
75093391-gpt-3.5-turbo,MEDIUM,MEDIUM
75193954-gpt-3.5-turbo,LOW,VERY HIGH
75389612-meta-llama/Llama-2-7b-chat-hf,HIGH,VERY HIGH
75802587-meta-llama/Llama-2-7b-chat-hf,HIGH,LOW
75258460-meta-llama/Llama-2-7b-chat-hf,MEDIUM,LOW
75617550-meta-llama/Llama-2-7b-chat-hf,LOW,MEDIUM
75150846-gpt-3.5-turbo,HIGH,VERY HIGH
75150846-meta-llama/Llama-2-7b-chat-hf,MEDIUM,VERY HIGH
74934470-gpt-3.5-turbo,MEDIUM,HIGH
74934470-meta-llama/Llama-2-7b-chat-hf,MEDIUM,VERY HIGH
75579392-gpt-3.5-turbo,MEDIUM,HIGH
75579392-meta-llama/Llama-2-7b-chat-hf,LOW,VERY LOW
75155658-gpt-3.5-turbo,LOW,LOW
75155658-meta-llama/Llama-2-7b-chat-hf,LOW,LOW
75312392-gpt-3.5-turbo,MEDIUM,MEDIUM
74743227-gpt-3.5-turbo,MEDIUM,MEDIUM
74743227-meta-llama/Llama-2-7b-chat-hf,HIGH,MEDIUM
75307309-gpt-3.5-turbo,HIGH,HIGH
75410394-gpt-3.5-turbo,MEDIUM,LOW
75410394-meta-llama/Llama-2-7b-chat-hf,MEDIUM,MEDIUM
75085893-gpt-3.5-turbo,HIGH,MEDIUM
75085893-meta-llama/Llama-2-7b-chat-hf,MEDIUM,VERY HIGH
75434793-gpt-3.5-turbo,HIGH,HIGH
75434793-meta-llama/Llama-2-7b-chat-hf,HIGH,VERY HIGH
75778261-gpt-3.5-turbo,LOW,LOW
74677143-meta-llama/Llama-2-7b-chat-hf,LOW,LOW
75993119-gpt-3.5-turbo,HIGH,HIGH
74773637-gpt-3.5-turbo,HIGH,LOW
74624685-gpt-3.5-turbo,HIGH,MEDIUM
76011691-meta-llama/Llama-2-7b-chat-hf,HIGH,VERY HIGH
75340300-gpt-3.5-turbo,MEDIUM,LOW
75220574-gpt-3.5-turbo,MEDIUM,HIGH
75220574-meta-llama/Llama-2-7b-chat-hf,MEDIUM,MEDIUM
75149224-meta-llama/Llama-2-7b-chat-hf,MEDIUM,LOW
75526159-gpt-3.5-turbo,HIGH,HIGH
75448140-gpt-3.5-turbo,MEDIUM,MEDIUM
75074930-gpt-3.5-turbo,HIGH,MEDIUM
75074930-meta-llama/Llama-2-7b-chat-hf,HIGH,HIGH
75176482-gpt-3.5-turbo,HIGH,MEDIUM
75176482-meta-llama/Llama-2-7b-chat-hf,LOW,MEDIUM
74857640-gpt-3.5-turbo,MEDIUM,MEDIUM
74857640-meta-llama/Llama-2-7b-chat-hf,MEDIUM,VERY LOW
74994173-gpt-3.5-turbo,HIGH,MEDIUM
74960462-gpt-3.5-turbo,HIGH,VERY HIGH
74960462-meta-llama/Llama-2-7b-chat-hf,MEDIUM,VERY HIGH
75445007-gpt-3.5-turbo,HIGH,VERY HIGH
75445007-meta-llama/Llama-2-7b-chat-hf,MEDIUM,HIGH
75412792-gpt-3.5-turbo,MEDIUM,LOW
74866512-gpt-3.5-turbo,MEDIUM,MEDIUM
74866512-meta-llama/Llama-2-7b-chat-hf,MEDIUM,LOW
75045986-gpt-3.5-turbo,MEDIUM,MEDIUM
75045986-meta-llama/Llama-2-7b-chat-hf,MEDIUM,MEDIUM
75666984-gpt-3.5-turbo,MEDIUM,HIGH
74765010-gpt-3.5-turbo,MEDIUM,MEDIUM
74765010-meta-llama/Llama-2-7b-chat-hf,LOW,MEDIUM
75802832-gpt-3.5-turbo,MEDIUM,VERY HIGH
75299402-meta-llama/Llama-2-7b-chat-hf,HIGH,VERY LOW
74811238-gpt-3.5-turbo,HIGH,MEDIUM
74811238-meta-llama/Llama-2-7b-chat-hf,HIGH,LOW
76048911-gpt-3.5-turbo,HIGH,MEDIUM
76048911-meta-llama/Llama-2-7b-chat-hf,HIGH,VERY LOW
75335522-gpt-3.5-turbo,MEDIUM,VERY HIGH
75335522-meta-llama/Llama-2-7b-chat-hf,HIGH,MEDIUM
74621685-meta-llama/Llama-2-7b-chat-hf,MEDIUM,HIGH
75449068-gpt-3.5-turbo,HIGH,MEDIUM
75449068-meta-llama/Llama-2-7b-chat-hf,MEDIUM,MEDIUM
75412883-gpt-3.5-turbo,MEDIUM,LOW
75412883-meta-llama/Llama-2-7b-chat-hf,HIGH,LOW
75363507-meta-llama/Llama-2-7b-chat-hf,MEDIUM,MEDIUM
75679966-gpt-3.5-turbo,HIGH,LOW
74934504-gpt-3.5-turbo,MEDIUM,MEDIUM
74934504-meta-llama/Llama-2-7b-chat-hf,LOW,VERY LOW
75095945-gpt-3.5-turbo,MEDIUM,HIGH
75852462-gpt-3.5-turbo,MEDIUM,VERY HIGH
75852462-meta-llama/Llama-2-7b-chat-hf,LOW,HIGH
74777076-gpt-3.5-turbo,LOW,MEDIUM
74777076-meta-llama/Llama-2-7b-chat-hf,LOW,HIGH
74795206-gpt-3.5-turbo,MEDIUM,HIGH
74795206-meta-llama/Llama-2-7b-chat-hf,MEDIUM,VERY HIGH
75604275-gpt-3.5-turbo,HIGH,HIGH
75768912-gpt-3.5-turbo,HIGH,LOW
75768912-meta-llama/Llama-2-7b-chat-hf,MEDIUM,HIGH
74933094-meta-llama/Llama-2-7b-chat-hf,HIGH,MEDIUM
75058127-gpt-3.5-turbo,HIGH,MEDIUM
74935947-gpt-3.5-turbo,MEDIUM,VERY LOW
74935947-meta-llama/Llama-2-7b-chat-hf,MEDIUM,HIGH
75385779-gpt-3.5-turbo,MEDIUM,HIGH
75385779-meta-llama/Llama-2-7b-chat-hf,MEDIUM,MEDIUM
74753176-gpt-3.5-turbo,HIGH,HIGH
74753176-meta-llama/Llama-2-7b-chat-hf,HIGH,MEDIUM
75642280-gpt-3.5-turbo,MEDIUM,VERY HIGH
75463207-meta-llama/Llama-2-7b-chat-hf,HIGH,VERY HIGH
75948146-gpt-3.5-turbo,HIGH,LOW
75948146-meta-llama/Llama-2-7b-chat-hf,MEDIUM,VERY LOW
75698936-gpt-3.5-turbo,MEDIUM,HIGH
75698936-meta-llama/Llama-2-7b-chat-hf,MEDIUM,LOW
75056287-gpt-3.5-turbo,HIGH,VERY HIGH
75056287-meta-llama/Llama-2-7b-chat-hf,HIGH,MEDIUM
74768073-gpt-3.5-turbo,HIGH,LOW
74768073-meta-llama/Llama-2-7b-chat-hf,HIGH,HIGH
75090788-gpt-3.5-turbo,MEDIUM,HIGH
75090788-meta-llama/Llama-2-7b-chat-hf,MEDIUM,VERY HIGH
75259064-gpt-3.5-turbo,HIGH,VERY LOW
75259064-meta-llama/Llama-2-7b-chat-hf,MEDIUM,MEDIUM
75406341-gpt-3.5-turbo,HIGH,HIGH
75406341-meta-llama/Llama-2-7b-chat-hf,MEDIUM,MEDIUM
76004983-gpt-3.5-turbo,MEDIUM,LOW
76004983-meta-llama/Llama-2-7b-chat-hf,MEDIUM,LOW
75089553-gpt-3.5-turbo,MEDIUM,VERY LOW
75650611-gpt-3.5-turbo,HIGH,VERY HIGH
75650611-meta-llama/Llama-2-7b-chat-hf,MEDIUM,HIGH
74713371-gpt-3.5-turbo,HIGH,HIGH
75627568-gpt-3.5-turbo,MEDIUM,MEDIUM
75627568-meta-llama/Llama-2-7b-chat-hf,MEDIUM,MEDIUM
74746284-gpt-3.5-turbo,MEDIUM,VERY LOW
74746284-meta-llama/Llama-2-7b-chat-hf,MEDIUM,LOW
76071743-gpt-3.5-turbo,MEDIUM,LOW
76071743-meta-llama/Llama-2-7b-chat-hf,MEDIUM,HIGH
75726570-gpt-3.5-turbo,MEDIUM,VERY HIGH
75726570-meta-llama/Llama-2-7b-chat-hf,MEDIUM,VERY HIGH
74864399-gpt-3.5-turbo,HIGH,VERY HIGH
74864399-meta-llama/Llama-2-7b-chat-hf,HIGH,MEDIUM
75056105-gpt-3.5-turbo,HIGH,HIGH
75188688-meta-llama/Llama-2-7b-chat-hf,MEDIUM,VERY LOW
74991186-meta-llama/Llama-2-7b-chat-hf,LOW,MEDIUM
74825007-gpt-3.5-turbo,MEDIUM,VERY HIGH
74905593-gpt-3.5-turbo,MEDIUM,HIGH
74905593-meta-llama/Llama-2-7b-chat-hf,LOW,MEDIUM
75438995-gpt-3.5-turbo,MEDIUM,HIGH
75390841-gpt-3.5-turbo,HIGH,LOW
74877491-gpt-3.5-turbo,HIGH,VERY HIGH
75950803-gpt-3.5-turbo,MEDIUM,VERY LOW
75950803-meta-llama/Llama-2-7b-chat-hf,MEDIUM,LOW
75080882-meta-llama/Llama-2-7b-chat-hf,MEDIUM,MEDIUM
75374281-gpt-3.5-turbo,HIGH,LOW
75374281-meta-llama/Llama-2-7b-chat-hf,MEDIUM,MEDIUM
75881502-meta-llama/Llama-2-7b-chat-hf,MEDIUM,VERY HIGH
74976717-gpt-3.5-turbo,LOW,VERY HIGH
74976717-meta-llama/Llama-2-7b-chat-hf,MEDIUM,MEDIUM
75184994-gpt-3.5-turbo,MEDIUM,MEDIUM
75184994-meta-llama/Llama-2-7b-chat-hf,HIGH,HIGH
74776471-gpt-3.5-turbo,MEDIUM,LOW
74916407-gpt-3.5-turbo,MEDIUM,MEDIUM
76066060-gpt-3.5-turbo,MEDIUM,MEDIUM
76066060-meta-llama/Llama-2-7b-chat-hf,LOW,HIGH
75318474-meta-llama/Llama-2-7b-chat-hf,LOW,HIGH
75204334-gpt-3.5-turbo,HIGH,HIGH
75205360-meta-llama/Llama-2-7b-chat-hf,MEDIUM,MEDIUM
75083235-meta-llama/Llama-2-7b-chat-hf,MEDIUM,MEDIUM
75549944-gpt-3.5-turbo,MEDIUM,MEDIUM
75763820-meta-llama/Llama-2-7b-chat-hf,MEDIUM,VERY LOW
75205665-meta-llama/Llama-2-7b-chat-hf,LOW,LOW
75003993-meta-llama/Llama-2-7b-chat-hf,MEDIUM,LOW
75827366-meta-llama/Llama-2-7b-chat-hf,HIGH,VERY LOW
75555522-gpt-3.5-turbo,MEDIUM,VERY LOW
75056149-meta-llama/Llama-2-7b-chat-hf,LOW,VERY LOW
74670948-meta-llama/Llama-2-7b-chat-hf,HIGH,HIGH
74778945-meta-llama/Llama-2-7b-chat-hf,LOW,MEDIUM
75416375-meta-llama/Llama-2-7b-chat-hf,LOW,VERY LOW
75238728-meta-llama/Llama-2-7b-chat-hf,MEDIUM,VERY HIGH
74794400-meta-llama/Llama-2-7b-chat-hf,MEDIUM,MEDIUM
75619912-meta-llama/Llama-2-7b-chat-hf,MEDIUM,HIGH
75514021-meta-llama/Llama-2-7b-chat-hf,MEDIUM,VERY HIGH
74743835-meta-llama/Llama-2-7b-chat-hf,LOW,MEDIUM
74776364-meta-llama/Llama-2-7b-chat-hf,LOW,MEDIUM
75052561-meta-llama/Llama-2-7b-chat-hf,LOW,MEDIUM
74930743-meta-llama/Llama-2-7b-chat-hf,HIGH ,HIGH
75194484-gpt-3.5-turbo,LOW,MEDIUM
75187395-meta-llama/Llama-2-7b-chat-hf,HIGH,LOW
75699798-meta-llama/Llama-2-7b-chat-hf,MEDIUM,MEDIUM
75610549-meta-llama/Llama-2-7b-chat-hf,MEDIUM,MEDIUM
75648158-meta-llama/Llama-2-7b-chat-hf,MEDIUM,MEDIUM
75694420-meta-llama/Llama-2-7b-chat-hf,MEDIUM,VERY HIGH
75377287-meta-llama/Llama-2-7b-chat-hf,MEDIUM,VERY LOW
76082047-meta-llama/Llama-2-7b-chat-hf,VERY HIGH,HIGH
74659206-meta-llama/Llama-2-7b-chat-hf,HIGH,VERY HIGH
74698926-meta-llama/Llama-2-7b-chat-hf,HIGH,HIGH
75585439-meta-llama/Llama-2-7b-chat-hf,MEDIUM,HIGH
74661098-meta-llama/Llama-2-7b-chat-hf,HIGH,VERY HIGH
76028371-meta-llama/Llama-2-7b-chat-hf,HIGH,HIGH
75130798-meta-llama/Llama-2-7b-chat-hf,HIGH,VERY HIGH
74708210-meta-llama/Llama-2-7b-chat-hf,HIGH,MEDIUM
75801284-meta-llama/Llama-2-7b-chat-hf,MEDIUM,VERY HIGH
75144334-meta-llama/Llama-2-7b-chat-hf,MEDIUM,MEDIUM
75554326-meta-llama/Llama-2-7b-chat-hf,HIGH,MEDIUM
75517381-meta-llama/Llama-2-7b-chat-hf,MEDIUM,HIGH
75219282-meta-llama/Llama-2-7b-chat-hf,LOW,MEDIUM
74626863-meta-llama/Llama-2-7b-chat-hf,MEDIUM,VERY HIGH
75194988-gpt-3.5-turbo,MEDIUM,LOW
75248840-meta-llama/Llama-2-7b-chat-hf,LOW,MEDIUM
75100575-meta-llama/Llama-2-7b-chat-hf,MEDIUM,MEDIUM
74895100-meta-llama/Llama-2-7b-chat-hf,HIGH,HIGH
75909740-meta-llama/Llama-2-7b-chat-hf,MEDIUM,MEDIUM
75928075-meta-llama/Llama-2-7b-chat-hf,MEDIUM,LOW
75672793-meta-llama/Llama-2-7b-chat-hf,LOW,HIGH
74633644-meta-llama/Llama-2-7b-chat-hf,LOW,HIGH
75758831-meta-llama/Llama-2-7b-chat-hf,LOW,VERY HIGH
74704512-meta-llama/Llama-2-7b-chat-hf,LOW,VERY HIGH
76018687-meta-llama/Llama-2-7b-chat-hf,HIGH,VERY HIGH
75584772-meta-llama/Llama-2-7b-chat-hf,MEDIUM,HIGH
75659998-meta-llama/Llama-2-7b-chat-hf,LOW,HIGH
75922766-gpt-3.5-turbo,HIGH,MEDIUM
75922766-meta-llama/Llama-2-7b-chat-hf,HIGH,LOW
75367179-meta-llama/Llama-2-7b-chat-hf,LOW,VERY HIGH
75080442-meta-llama/Llama-2-7b-chat-hf,HIGH,HIGH
74632731-meta-llama/Llama-2-7b-chat-hf,HIGH,MEDIUM
75264592-meta-llama/Llama-2-7b-chat-hf,LOW,LOW
75780030-meta-llama/Llama-2-7b-chat-hf,HIGH,HIGH
74765075-gpt-3.5-turbo,MEDIUM,MEDIUM
75794776-meta-llama/Llama-2-7b-chat-hf,HIGH,MEDIUM
74919045-meta-llama/Llama-2-7b-chat-hf,MEDIUM,LOW
75635774-meta-llama/Llama-2-7b-chat-hf,HIGH,VERY HIGH
75291308-meta-llama/Llama-2-7b-chat-hf,MEDIUM,HIGH
74745783-gpt-3.5-turbo,MEDIUM,HIGH
74745783-meta-llama/Llama-2-7b-chat-hf,MEDIUM,MEDIUM
75426952-meta-llama/Llama-2-7b-chat-hf,MEDIUM,VERY HIGH
74802863-meta-llama/Llama-2-7b-chat-hf,LOW,HIGH
74996056-meta-llama/Llama-2-7b-chat-hf,MEDIUM,VERY LOW
75119837-meta-llama/Llama-2-7b-chat-hf,HIGH,MEDIUM
75346885-meta-llama/Llama-2-7b-chat-hf,LOW,VERY LOW
75012061-gpt-3.5-turbo,HIGH,LOW
75012061-meta-llama/Llama-2-7b-chat-hf,LOW,MEDIUM
75135923-meta-llama/Llama-2-7b-chat-hf,LOW,LOW
74637515-meta-llama/Llama-2-7b-chat-hf,MEDIUM,LOW
75715631-meta-llama/Llama-2-7b-chat-hf,MEDIUM,MEDIUM
75977888-meta-llama/Llama-2-7b-chat-hf,HIGH,LOW
74870967-meta-llama/Llama-2-7b-chat-hf,MEDIUM,HIGH
75193954-meta-llama/Llama-2-7b-chat-hf,HIGH,VERY HIGH
74997974-gpt-3.5-turbo,LOW,VERY LOW
75083235-gpt-3.5-turbo,LOW,MEDIUM
75763820-gpt-3.5-turbo,MEDIUM,HIGH
76009085-gpt-3.5-turbo,HIGH,MEDIUM
75999602-gpt-3.5-turbo,MEDIUM,LOW
75003993-gpt-3.5-turbo,HIGH,LOW
75827366-gpt-3.5-turbo,MEDIUM,VERY HIGH
74670948-gpt-3.5-turbo,LOW,HIGH
74778945-gpt-3.5-turbo,MEDIUM,VERY HIGH
74807729-gpt-3.5-turbo,MEDIUM,LOW
75238728-gpt-3.5-turbo,HIGH,MEDIUM
74794400-gpt-3.5-turbo,HIGH,VERY HIGH
75764309-gpt-3.5-turbo,LOW,HIGH
75815092-gpt-3.5-turbo,LOW,HIGH
75514021-gpt-3.5-turbo,MEDIUM,VERY HIGH
76009718-gpt-3.5-turbo,HIGH,VERY LOW
74743835-gpt-3.5-turbo,HIGH,VERY HIGH
74776364-gpt-3.5-turbo,MEDIUM,HIGH
74930743-gpt-3.5-turbo,LOW,VERY HIGH
75723462-gpt-3.5-turbo,HIGH,VERY HIGH
75699798-gpt-3.5-turbo,HIGH,LOW
75648158-gpt-3.5-turbo,MEDIUM,HIGH
75552848-gpt-3.5-turbo,HIGH,HIGH
74698926-gpt-3.5-turbo,HIGH,HIGH
74661098-gpt-3.5-turbo,MEDIUM,HIGH
74708210-gpt-3.5-turbo,HIGH,HIGH
75144334-gpt-3.5-turbo,LOW,MEDIUM
75036609-gpt-3.5-turbo,MEDIUM,HIGH
75666909-gpt-3.5-turbo,HIGH,VERY HIGH
75554326-gpt-3.5-turbo,MEDIUM,VERY HIGH
75039363-gpt-3.5-turbo,HIGH,LOW
75517381-gpt-3.5-turbo,MEDIUM,VERY HIGH
75022490-gpt-3.5-turbo,LOW,VERY HIGH
75610152-gpt-3.5-turbo,MEDIUM,MEDIUM
74721482-gpt-3.5-turbo,HIGH,HIGH
75569999-gpt-3.5-turbo,LOW,HIGH
75709844-gpt-3.5-turbo,MEDIUM,HIGH
75958646-gpt-3.5-turbo,HIGH,LOW
74895100-gpt-3.5-turbo,MEDIUM,VERY HIGH
75672793-gpt-3.5-turbo,MEDIUM,VERY HIGH
75758831-gpt-3.5-turbo,HIGH,VERY HIGH
74704512-gpt-3.5-turbo,HIGH,VERY HIGH
76018687-gpt-3.5-turbo,MEDIUM,VERY HIGH
75584772-gpt-3.5-turbo,LOW,MEDIUM
74635523-gpt-3.5-turbo,MEDIUM,LOW
75768527-gpt-3.5-turbo,LOW,MEDIUM
75659998-gpt-3.5-turbo,HIGH,VERY LOW
75338255-gpt-3.5-turbo,MEDIUM,HIGH
75367179-gpt-3.5-turbo,VERY HIGH,HIGH
75003039-gpt-3.5-turbo,MEDIUM,HIGH
75264592-gpt-3.5-turbo,LOW,MEDIUM
74694970-gpt-3.5-turbo,MEDIUM,HIGH
75780030-gpt-3.5-turbo,MEDIUM,VERY HIGH
75198599-gpt-3.5-turbo,LOW,VERY HIGH
75794776-gpt-3.5-turbo,HIGH,HIGH
75635774-gpt-3.5-turbo,MEDIUM,VERY HIGH
75291308-gpt-3.5-turbo,HIGH,VERY HIGH
75369191-gpt-3.5-turbo,MEDIUM,MEDIUM
75426952-gpt-3.5-turbo,MEDIUM,HIGH
76012769-gpt-3.5-turbo,HIGH,LOW
74802863-gpt-3.5-turbo,MEDIUM,VERY HIGH
75119837-gpt-3.5-turbo,MEDIUM,HIGH
75903800-gpt-3.5-turbo,MEDIUM,MEDIUM
75346885-gpt-3.5-turbo,HIGH,HIGH
75135923-gpt-3.5-turbo,MEDIUM,VERY LOW
74637515-gpt-3.5-turbo,LOW,LOW
75919061-gpt-3.5-turbo,MEDIUM,LOW
75494817-gpt-3.5-turbo,MEDIUM,High
75644586-gpt-3.5-turbo,HIGH,HIGH
75977888-gpt-3.5-turbo,HIGH,MEDIUM
75135939-gpt-3.5-turbo,HIGH,HIGH
75346823-gpt-3.5-turbo,HIGH,MEDIUM
74733701-gpt-3.5-turbo,MEDIUM,VERY HIGH
75841863-meta-llama/Llama-2-7b-chat-hf,MEDIUM,LOW
75841863-gpt-3.5-turbo,HIGH,HIGH
76030821-meta-llama/Llama-2-7b-chat-hf,HIGH,HIGH
76030821-gpt-3.5-turbo,LOW,LOW
75011823-meta-llama/Llama-2-7b-chat-hf,MEDIUM,LOW
75353543-meta-llama/Llama-2-7b-chat-hf,LOW,MEDIUM
75789993-meta-llama/Llama-2-7b-chat-hf,LOW,LOW
75429405-gpt-3.5-turbo,HIGH,HIGH
75377220-gpt-3.5-turbo,MEDIUM,VERY HIGH
75504826-gpt-3.5-turbo,MEDIUM,HIGH
74911648-meta-llama/Llama-2-7b-chat-hf,LOW,LOW
75044024-gpt-3.5-turbo,HIGH,LOW
74844464-gpt-3.5-turbo,HIGH,LOW
74959366-meta-llama/Llama-2-7b-chat-hf,MEDIUM,VERY HIGH
74959366-gpt-3.5-turbo,MEDIUM,MEDIUM
75260382-meta-llama/Llama-2-7b-chat-hf,MEDIUM,VERY LOW
75260382-gpt-3.5-turbo,LOW,VERY HIGH
75341458-meta-llama/Llama-2-7b-chat-hf,MEDIUM,MEDIUM
75341458-gpt-3.5-turbo,LOW,MEDIUM
73368255-meta-llama/Llama-2-7b-chat-hf,MEDIUM,LOW
73368255-gpt-3.5-turbo,HIGH,VERY HIGH
72986123-gpt-3.5-turbo,MEDIUM,HIGH
74368270-gpt-3.5-turbo,MEDIUM,MEDIUM
74511509-meta-llama/Llama-2-7b-chat-hf,MEDIUM,MEDIUM
74511509-gpt-3.5-turbo,LOW,VERY LOW
73725448-meta-llama/Llama-2-7b-chat-hf,LOW,LOW
73725448-gpt-3.5-turbo,HIGH,VERY HIGH
73465679-meta-llama/Llama-2-7b-chat-hf,MEDIUM,HIGH
73465679-gpt-3.5-turbo,MEDIUM,LOW
74411450-meta-llama/Llama-2-7b-chat-hf,HIGH,LOW
73143311-gpt-3.5-turbo,MEDIUM,VERY LOW
74535758-gpt-3.5-turbo,LOW,MEDIUM
73314559-gpt-3.5-turbo,HIGH,HIGH
72905471-meta-llama/Llama-2-7b-chat-hf,MEDIUM,MEDIUM
72826154-gpt-3.5-turbo,HIGH,LOW
73045806-meta-llama/Llama-2-7b-chat-hf,LOW,LOW
73045806-gpt-3.5-turbo,HIGH,LOW
73891997-gpt-3.5-turbo,MEDIUM,MEDIUM
74422849-meta-llama/Llama-2-7b-chat-hf,HIGH,LOW
74422849-gpt-3.5-turbo,HIGH,MEDIUM
73248689-meta-llama/Llama-2-7b-chat-hf,MEDIUM,HIGH
73248689-gpt-3.5-turbo,HIGH,VERY HIGH
74437558-meta-llama/Llama-2-7b-chat-hf,MEDIUM,VERY LOW
74214892-meta-llama/Llama-2-7b-chat-hf,HIGH,LOW
73903352-gpt-3.5-turbo,MEDIUM,MEDIUM
74393426-meta-llama/Llama-2-7b-chat-hf,MEDIUM,HIGH
73810638-meta-llama/Llama-2-7b-chat-hf,MEDIUM,MEDIUM
73810638-gpt-3.5-turbo,HIGH,VERY LOW
73184914-gpt-3.5-turbo,HIGH,HIGH
74595002-meta-llama/Llama-2-7b-chat-hf,MEDIUM,MEDIUM
74595002-gpt-3.5-turbo,MEDIUM,HIGH
73534241-meta-llama/Llama-2-7b-chat-hf,MEDIUM,MEDIUM
73534241-gpt-3.5-turbo,LOW,MEDIUM
73144075-meta-llama/Llama-2-7b-chat-hf,LOW,LOW
74543810-meta-llama/Llama-2-7b-chat-hf,HIGH,VERY LOW
73556146-meta-llama/Llama-2-7b-chat-hf,MEDIUM,VERY LOW
73556146-gpt-3.5-turbo,HIGH,VERY LOW
74089173-gpt-3.5-turbo,HIGH,HIGH
72847591-gpt-3.5-turbo,MEDIUM,VERY HIGH
73903603-gpt-3.5-turbo,LOW,MEDIUM
74448709-meta-llama/Llama-2-7b-chat-hf,MEDIUM,VERY HIGH
74284478-meta-llama/Llama-2-7b-chat-hf,MEDIUM,VERY HIGH
74284478-gpt-3.5-turbo,MEDIUM,MEDIUM
74405746-meta-llama/Llama-2-7b-chat-hf,HIGH,VERY LOW
74405746-gpt-3.5-turbo,MEDIUM,LOW
73407546-gpt-3.5-turbo,MEDIUM,VERY HIGH
73547364-gpt-3.5-turbo,LOW,MEDIUM
74095245-gpt-3.5-turbo,LOW,VERY HIGH
73515766-gpt-3.5-turbo,MEDIUM,HIGH
73004413-meta-llama/Llama-2-7b-chat-hf,HIGH,MEDIUM
73004413-gpt-3.5-turbo,HIGH,LOW
73380316-meta-llama/Llama-2-7b-chat-hf,MEDIUM,VERY HIGH
73380316-gpt-3.5-turbo,MEDIUM,LOW
74310780-meta-llama/Llama-2-7b-chat-hf,MEDIUM,MEDIUM
74310780-gpt-3.5-turbo,LOW,LOW
73553976-gpt-3.5-turbo,HIGH,VERY LOW
74612337-meta-llama/Llama-2-7b-chat-hf,MEDIUM,HIGH
74612337-gpt-3.5-turbo,LOW,HIGH
73196092-meta-llama/Llama-2-7b-chat-hf,MEDIUM,VERY HIGH
73196092-gpt-3.5-turbo,HIGH,VERY HIGH
74227793-meta-llama/Llama-2-7b-chat-hf,MEDIUM,VERY LOW
74227793-gpt-3.5-turbo,HIGH,VERY LOW
74076957-meta-llama/Llama-2-7b-chat-hf,MEDIUM,HIGH
74076957-gpt-3.5-turbo,LOW,VERY HIGH
73682305-meta-llama/Llama-2-7b-chat-hf,MEDIUM,LOW
73682305-gpt-3.5-turbo,LOW,VERY HIGH
74136704-gpt-3.5-turbo,MEDIUM,HIGH
73867414-meta-llama/Llama-2-7b-chat-hf,MEDIUM,MEDIUM
72971634-meta-llama/Llama-2-7b-chat-hf,HIGH,HIGH
72971634-gpt-3.5-turbo,MEDIUM,MEDIUM
73165456-meta-llama/Llama-2-7b-chat-hf,HIGH,MEDIUM
72988901-gpt-3.5-turbo,MEDIUM,HIGH
73635965-meta-llama/Llama-2-7b-chat-hf,MEDIUM,LOW
73635965-gpt-3.5-turbo,MEDIUM,MEDIUM
73738035-gpt-3.5-turbo,HIGH,VERY HIGH
73032148-meta-llama/Llama-2-7b-chat-hf,MEDIUM,MEDIUM
73032148-gpt-3.5-turbo,HIGH,VERY HIGH
73687017-meta-llama/Llama-2-7b-chat-hf,LOW,MEDIUM
73687017-gpt-3.5-turbo,MEDIUM,VERY HIGH
73531936-gpt-3.5-turbo,MEDIUM,LOW
73158541-meta-llama/Llama-2-7b-chat-hf,HIGH,VERY LOW
73158541-gpt-3.5-turbo,LOW,LOW
73538666-meta-llama/Llama-2-7b-chat-hf,MEDIUM,MEDIUM
72828351-meta-llama/Llama-2-7b-chat-hf,MEDIUM,MEDIUM
73657033-meta-llama/Llama-2-7b-chat-hf,MEDIUM,HIGH
73657033-gpt-3.5-turbo,MEDIUM,VERY HIGH
73925755-meta-llama/Llama-2-7b-chat-hf,MEDIUM,VERY HIGH
73452611-meta-llama/Llama-2-7b-chat-hf,HIGH,HIGH
73452611-gpt-3.5-turbo,HIGH,LOW
74271731-meta-llama/Llama-2-7b-chat-hf,MEDIUM,MEDIUM
74271731-gpt-3.5-turbo,LOW,MEDIUM
73985472-meta-llama/Llama-2-7b-chat-hf,LOW,MEDIUM
73985472-gpt-3.5-turbo,HIGH,VERY HIGH
72954104-gpt-3.5-turbo,MEDIUM,VERY LOW
74400294-gpt-3.5-turbo,MEDIUM,LOW
74481905-meta-llama/Llama-2-7b-chat-hf,MEDIUM,LOW
73125825-meta-llama/Llama-2-7b-chat-hf,LOW,VERY HIGH
73125825-gpt-3.5-turbo,MEDIUM,HIGH
73475744-meta-llama/Llama-2-7b-chat-hf,MEDIUM,HIGH
73475744-gpt-3.5-turbo,HIGH,MEDIUM
73188739-gpt-3.5-turbo,MEDIUM,MEDIUM
74041416-gpt-3.5-turbo,MEDIUM,HIGH
73671051-meta-llama/Llama-2-7b-chat-hf,LOW,LOW
73671051-gpt-3.5-turbo,LOW,HIGH
74556446-meta-llama/Llama-2-7b-chat-hf,LOW,LOW
74556446-gpt-3.5-turbo,MEDIUM,VERY HIGH
73168099-meta-llama/Llama-2-7b-chat-hf,MEDIUM,VERY HIGH
73168099-gpt-3.5-turbo,HIGH,VERY HIGH
73573040-gpt-3.5-turbo,MEDIUM,MEDIUM
73179160-meta-llama/Llama-2-7b-chat-hf,MEDIUM,MEDIUM
73920596-meta-llama/Llama-2-7b-chat-hf,HIGH,MEDIUM
73920596-gpt-3.5-turbo,HIGH,HIGH
74386488-meta-llama/Llama-2-7b-chat-hf,MEDIUM,MEDIUM
74386488-gpt-3.5-turbo,MEDIUM,VERY HIGH
72857296-meta-llama/Llama-2-7b-chat-hf,MEDIUM,VERY LOW
72857296-gpt-3.5-turbo,HIGH,VERY HIGH
73633189-meta-llama/Llama-2-7b-chat-hf,LOW,MEDIUM
73633189-gpt-3.5-turbo,MEDIUM,HIGH
73985713-gpt-3.5-turbo,MEDIUM,VERY HIGH
74306195-meta-llama/Llama-2-7b-chat-hf,LOW,MEDIUM
74191220-meta-llama/Llama-2-7b-chat-hf,HIGH,MEDIUM
74191220-gpt-3.5-turbo,LOW,VERY HIGH
73968425-gpt-3.5-turbo,HIGH,VERY HIGH
74357958-gpt-3.5-turbo,MEDIUM,HIGH
73354989-meta-llama/Llama-2-7b-chat-hf,HIGH,MEDIUM
73354989-gpt-3.5-turbo,MEDIUM,VERY HIGH
74512813-gpt-3.5-turbo,MEDIUM,HIGH
74382338-meta-llama/Llama-2-7b-chat-hf,HIGH,MEDIUM
74237043-meta-llama/Llama-2-7b-chat-hf,HIGH,HIGH
74237043-gpt-3.5-turbo,MEDIUM,VERY HIGH
74594144-gpt-3.5-turbo,HIGH,HIGH
74168837-gpt-3.5-turbo,LOW,HIGH
73377019-gpt-3.5-turbo,HIGH,LOW
73210611-gpt-3.5-turbo,MEDIUM,VERY HIGH
74548191-gpt-3.5-turbo,MEDIUM,HIGH
72936313-gpt-3.5-turbo,HIGH,MEDIUM
74110774-meta-llama/Llama-2-7b-chat-hf,HIGH,VERY HIGH
74110774-gpt-3.5-turbo,HIGH,HIGH
74387517-meta-llama/Llama-2-7b-chat-hf,MEDIUM,LOW
74387517-gpt-3.5-turbo,MEDIUM,MEDIUM
73634127-meta-llama/Llama-2-7b-chat-hf,MEDIUM,MEDIUM
73634127-gpt-3.5-turbo,MEDIUM,MEDIUM
73683516-meta-llama/Llama-2-7b-chat-hf,MEDIUM,MEDIUM
73683516-gpt-3.5-turbo,LOW,VERY HIGH
73253228-gpt-3.5-turbo,MEDIUM,MEDIUM
73555284-meta-llama/Llama-2-7b-chat-hf,HIGH,MEDIUM
73809448-gpt-3.5-turbo,LOW,VERY HIGH
72887432-meta-llama/Llama-2-7b-chat-hf,HIGH,LOW
74217317-meta-llama/Llama-2-7b-chat-hf,MEDIUM,HIGH
74217317-gpt-3.5-turbo,HIGH,VERY HIGH
74016253-meta-llama/Llama-2-7b-chat-hf,LOW,VERY LOW
74016253-gpt-3.5-turbo,MEDIUM,MEDIUM
73299474-gpt-3.5-turbo,LOW,HIGH
73134275-gpt-3.5-turbo,MEDIUM,HIGH
74257296-meta-llama/Llama-2-7b-chat-hf,LOW,MEDIUM
72966759-meta-llama/Llama-2-7b-chat-hf,HIGH,VERY HIGH
74606136-meta-llama/Llama-2-7b-chat-hf,HIGH,VERY LOW
74606136-gpt-3.5-turbo,MEDIUM,VERY LOW
73292446-meta-llama/Llama-2-7b-chat-hf,HIGH,MEDIUM
73725267-gpt-3.5-turbo,MEDIUM,VERY HIGH
72856097-gpt-3.5-turbo,LOW,MEDIUM
74199102-meta-llama/Llama-2-7b-chat-hf,MEDIUM,HIGH
73354302-meta-llama/Llama-2-7b-chat-hf,LOW,VERY LOW
73283623-meta-llama/Llama-2-7b-chat-hf,HIGH,HIGH
73283623-gpt-3.5-turbo,HIGH,VERY HIGH
73262628-meta-llama/Llama-2-7b-chat-hf,HIGH,MEDIUM
73262628-gpt-3.5-turbo,MEDIUM,LOW
73707930-meta-llama/Llama-2-7b-chat-hf,MEDIUM,VERY HIGH
73707930-gpt-3.5-turbo,MEDIUM,MEDIUM
74402927-meta-llama/Llama-2-7b-chat-hf,MEDIUM,MEDIUM
73746526-meta-llama/Llama-2-7b-chat-hf,MEDIUM,VERY HIGH
73806877-meta-llama/Llama-2-7b-chat-hf,HIGH,VERY HIGH
73806877-gpt-3.5-turbo,HIGH,MEDIUM
74338106-meta-llama/Llama-2-7b-chat-hf,LOW,MEDIUM
74338106-gpt-3.5-turbo,HIGH,VERY HIGH
73675612-meta-llama/Llama-2-7b-chat-hf,MEDIUM,LOW
73675612-gpt-3.5-turbo,MEDIUM,MEDIUM
74506570-meta-llama/Llama-2-7b-chat-hf,MEDIUM,MEDIUM
73518721-gpt-3.5-turbo,MEDIUM,VERY HIGH
73694809-meta-llama/Llama-2-7b-chat-hf,MEDIUM,HIGH
73694809-gpt-3.5-turbo,MEDIUM,HIGH
74041404-meta-llama/Llama-2-7b-chat-hf,HIGH,LOW
74041404-gpt-3.5-turbo,HIGH,MEDIUM
72854554-meta-llama/Llama-2-7b-chat-hf,HIGH,HIGH
72854554-gpt-3.5-turbo,MEDIUM,HIGH
74454140-meta-llama/Llama-2-7b-chat-hf,MEDIUM,MEDIUM
74454140-gpt-3.5-turbo,HIGH,HIGH
74297221-meta-llama/Llama-2-7b-chat-hf,MEDIUM,LOW
74297221-gpt-3.5-turbo,MEDIUM,LOW
73587743-meta-llama/Llama-2-7b-chat-hf,VERY HIGH,LOW
73587743-gpt-3.5-turbo,HIGH,HIGH
73422387-meta-llama/Llama-2-7b-chat-hf,HIGH,MEDIUM
73550999-meta-llama/Llama-2-7b-chat-hf,MEDIUM,MEDIUM
73750333-meta-llama/Llama-2-7b-chat-hf,MEDIUM,LOW
73464752-meta-llama/Llama-2-7b-chat-hf,MEDIUM,LOW
73066189-gpt-3.5-turbo,MEDIUM,MEDIUM
73874791-meta-llama/Llama-2-7b-chat-hf,MEDIUM,VERY HIGH
73868350-meta-llama/Llama-2-7b-chat-hf,HIGH,LOW
73475091-meta-llama/Llama-2-7b-chat-hf,LOW,LOW
74485432-gpt-3.5-turbo,MEDIUM,HIGH
73093527-meta-llama/Llama-2-7b-chat-hf,HIGH,LOW
74027109-meta-llama/Llama-2-7b-chat-hf,MEDIUM,HIGH
73711919-meta-llama/Llama-2-7b-chat-hf,LOW,MEDIUM
73187972-meta-llama/Llama-2-7b-chat-hf,MEDIUM,MEDIUM
73195147-meta-llama/Llama-2-7b-chat-hf,LOW,VERY HIGH
74223372-meta-llama/Llama-2-7b-chat-hf,MEDIUM,MEDIUM
74223372-gpt-3.5-turbo,LOW,HIGH
73206867-meta-llama/Llama-2-7b-chat-hf,HIGH,LOW
73003300-meta-llama/Llama-2-7b-chat-hf,MEDIUM,MEDIUM
73003300-gpt-3.5-turbo,MEDIUM,LOW
74500669-meta-llama/Llama-2-7b-chat-hf,HIGH,MEDIUM
73000455-meta-llama/Llama-2-7b-chat-hf,MEDIUM,MEDIUM
73750290-meta-llama/Llama-2-7b-chat-hf,MEDIUM,VERY HIGH
73539348-meta-llama/Llama-2-7b-chat-hf,HIGH,LOW
72849419-meta-llama/Llama-2-7b-chat-hf,LOW,MEDIUM
73147931-meta-llama/Llama-2-7b-chat-hf,MEDIUM,MEDIUM
73841384-meta-llama/Llama-2-7b-chat-hf,MEDIUM,LOW
73704007-meta-llama/Llama-2-7b-chat-hf,LOW,VERY HIGH
74489862-meta-llama/Llama-2-7b-chat-hf,HIGH,LOW
73102323-meta-llama/Llama-2-7b-chat-hf,HIGH,VERY LOW
73223467-meta-llama/Llama-2-7b-chat-hf,LOW,VERY HIGH
73034413-meta-llama/Llama-2-7b-chat-hf,HIGH,VERY HIGH
74365144-meta-llama/Llama-2-7b-chat-hf,MEDIUM,LOW
73354652-meta-llama/Llama-2-7b-chat-hf,LOW,LOW
74405956-meta-llama/Llama-2-7b-chat-hf,HIGH,VERY LOW
73436929-meta-llama/Llama-2-7b-chat-hf,MEDIUM,MEDIUM
74077744-meta-llama/Llama-2-7b-chat-hf,MEDIUM,VERY HIGH
73277769-meta-llama/Llama-2-7b-chat-hf,MEDIUM,LOW
73504314-meta-llama/Llama-2-7b-chat-hf,MEDIUM,LOW
73206798-meta-llama/Llama-2-7b-chat-hf,HIGH,HIGH
73676116-meta-llama/Llama-2-7b-chat-hf,MEDIUM,HIGH
73364270-meta-llama/Llama-2-7b-chat-hf,LOW,MEDIUM
73760219-meta-llama/Llama-2-7b-chat-hf,MEDIUM,VERY LOW
73410719-meta-llama/Llama-2-7b-chat-hf,MEDIUM,MEDIUM
73546092-meta-llama/Llama-2-7b-chat-hf,LOW,MEDIUM
74367079-meta-llama/Llama-2-7b-chat-hf,HIGH,VERY HIGH
74354445-meta-llama/Llama-2-7b-chat-hf,HIGH,VERY HIGH
73525303-meta-llama/Llama-2-7b-chat-hf,MEDIUM,HIGH
74603229-meta-llama/Llama-2-7b-chat-hf,MEDIUM,HIGH
73954718-meta-llama/Llama-2-7b-chat-hf,MEDIUM,LOW
74590672-meta-llama/Llama-2-7b-chat-hf,HIGH,MEDIUM
74574699-meta-llama/Llama-2-7b-chat-hf,MEDIUM,VERY HIGH
72921785-meta-llama/Llama-2-7b-chat-hf,MEDIUM,VERY LOW
74438621-meta-llama/Llama-2-7b-chat-hf,LOW,MEDIUM
73211933-meta-llama/Llama-2-7b-chat-hf,LOW,HIGH
73805636-meta-llama/Llama-2-7b-chat-hf,HIGH,LOW
74132943-meta-llama/Llama-2-7b-chat-hf,MEDIUM,LOW
74456405-meta-llama/Llama-2-7b-chat-hf,MEDIUM,VERY LOW
74237232-meta-llama/Llama-2-7b-chat-hf,MEDIUM,VERY LOW
74263069-meta-llama/Llama-2-7b-chat-hf,MEDIUM,LOW
74214976-meta-llama/Llama-2-7b-chat-hf,MEDIUM,MEDIUM
73131247-meta-llama/Llama-2-7b-chat-hf,HIGH,LOW
72929659-meta-llama/Llama-2-7b-chat-hf,MEDIUM,MEDIUM
73101069-meta-llama/Llama-2-7b-chat-hf,MEDIUM,MEDIUM
73316485-meta-llama/Llama-2-7b-chat-hf,LOW,MEDIUM
72940123-meta-llama/Llama-2-7b-chat-hf,HIGH,HIGH
74475086-meta-llama/Llama-2-7b-chat-hf,MEDIUM,VERY HIGH
73674092-meta-llama/Llama-2-7b-chat-hf,HIGH,LOW
74571672-meta-llama/Llama-2-7b-chat-hf,MEDIUM,MEDIUM
73001297-meta-llama/Llama-2-7b-chat-hf,HIGH,MEDIUM
72970327-meta-llama/Llama-2-7b-chat-hf,MEDIUM,MEDIUM
73332258-meta-llama/Llama-2-7b-chat-hf,MEDIUM,VERY HIGH
73907799-meta-llama/Llama-2-7b-chat-hf,MEDIUM,VERY HIGH
73067624-meta-llama/Llama-2-7b-chat-hf,HIGH,LOW
73493717-meta-llama/Llama-2-7b-chat-hf,HIGH,VERY LOW
73581456-meta-llama/Llama-2-7b-chat-hf,MEDIUM,LOW
73111730-meta-llama/Llama-2-7b-chat-hf,LOW,HIGH
74328847-meta-llama/Llama-2-7b-chat-hf,MEDIUM,LOW
73218534-meta-llama/Llama-2-7b-chat-hf,LOW,MEDIUM
73772360-meta-llama/Llama-2-7b-chat-hf,MEDIUM,VERY HIGH
72901581-meta-llama/Llama-2-7b-chat-hf,MEDIUM,HIGH
73676462-meta-llama/Llama-2-7b-chat-hf,MEDIUM,MEDIUM
73413953-meta-llama/Llama-2-7b-chat-hf,HIGH,LOW
73679367-meta-llama/Llama-2-7b-chat-hf,HIGH,LOW
72938512-meta-llama/Llama-2-7b-chat-hf,MEDIUM,LOW
74189852-meta-llama/Llama-2-7b-chat-hf,MEDIUM,MEDIUM
73851725-meta-llama/Llama-2-7b-chat-hf,MEDIUM,VERY HIGH
74322206-meta-llama/Llama-2-7b-chat-hf,MEDIUM,LOW
73543246-meta-llama/Llama-2-7b-chat-hf,MEDIUM,MEDIUM
72978467-meta-llama/Llama-2-7b-chat-hf,LOW,HIGH
74204364-meta-llama/Llama-2-7b-chat-hf,MEDIUM,LOW
73535528-meta-llama/Llama-2-7b-chat-hf,MEDIUM,LOW
73235410-meta-llama/Llama-2-7b-chat-hf,MEDIUM,VERY HIGH
73616926-meta-llama/Llama-2-7b-chat-hf,MEDIUM,LOW
73574161-meta-llama/Llama-2-7b-chat-hf,HIGH,VERY LOW
74598647-meta-llama/Llama-2-7b-chat-hf,MEDIUM,VERY LOW
74026877-meta-llama/Llama-2-7b-chat-hf,HIGH,MEDIUM
73185851-meta-llama/Llama-2-7b-chat-hf,MEDIUM,HIGH
72969739-meta-llama/Llama-2-7b-chat-hf,HIGH,MEDIUM
74472565-meta-llama/Llama-2-7b-chat-hf,MEDIUM,LOW
74575521-meta-llama/Llama-2-7b-chat-hf,MEDIUM,MEDIUM
74591135-meta-llama/Llama-2-7b-chat-hf,LOW,MEDIUM
74350679-meta-llama/Llama-2-7b-chat-hf,LOW,HIGH
73957101-meta-llama/Llama-2-7b-chat-hf,HIGH,LOW
73987353-meta-llama/Llama-2-7b-chat-hf,HIGH,LOW
73690166-meta-llama/Llama-2-7b-chat-hf,LOW,MEDIUM
73389055-meta-llama/Llama-2-7b-chat-hf,MEDIUM,HIGH
74371499-meta-llama/Llama-2-7b-chat-hf,MEDIUM,VERY HIGH
74381155-meta-llama/Llama-2-7b-chat-hf,MEDIUM,LOW
73442986-meta-llama/Llama-2-7b-chat-hf,HIGH,MEDIUM
73398477-meta-llama/Llama-2-7b-chat-hf,HIGH,MEDIUM
73717005-meta-llama/Llama-2-7b-chat-hf,MEDIUM,MEDIUM
73467227-meta-llama/Llama-2-7b-chat-hf,MEDIUM,HIGH
73585351-meta-llama/Llama-2-7b-chat-hf,MEDIUM,VERY LOW
73879329-meta-llama/Llama-2-7b-chat-hf,MEDIUM,MEDIUM
74083779-meta-llama/Llama-2-7b-chat-hf,MEDIUM,MEDIUM
74512385-meta-llama/Llama-2-7b-chat-hf,HIGH,LOW
73537413-meta-llama/Llama-2-7b-chat-hf,MEDIUM,HIGH
74509701-meta-llama/Llama-2-7b-chat-hf,HIGH,MEDIUM
73660116-meta-llama/Llama-2-7b-chat-hf,MEDIUM,VERY HIGH
74440532-meta-llama/Llama-2-7b-chat-hf,MEDIUM,MEDIUM
74187884-meta-llama/Llama-2-7b-chat-hf,HIGH,HIGH
72965331-gpt-3.5-turbo,MEDIUM,HIGH
73147931-gpt-3.5-turbo,MEDIUM,VERY HIGH
73369911-gpt-3.5-turbo,LOW,VERY LOW
73704007-gpt-3.5-turbo,VERY HIGH,VERY HIGH
73791548-gpt-3.5-turbo,MEDIUM,HIGH
74489862-gpt-3.5-turbo,HIGH,MEDIUM
72882674-gpt-3.5-turbo,HIGH,HIGH
73034413-gpt-3.5-turbo,HIGH,HIGH
74365144-gpt-3.5-turbo,LOW,VERY HIGH
73354652-gpt-3.5-turbo,MEDIUM,HIGH
73073571-gpt-3.5-turbo,MEDIUM,LOW
74603346-gpt-3.5-turbo,MEDIUM,LOW
73583513-gpt-3.5-turbo,HIGH,VERY HIGH
73858913-gpt-3.5-turbo,HIGH,MEDIUM
74167747-gpt-3.5-turbo,MEDIUM,HIGH
74349234-gpt-3.5-turbo,MEDIUM,VERY HIGH
73290373-gpt-3.5-turbo,MEDIUM,HIGH
74077744-gpt-3.5-turbo,HIGH,HIGH
73646644-gpt-3.5-turbo,MEDIUM,VERY HIGH
74318528-gpt-3.5-turbo,MEDIUM,MEDIUM
73206798-gpt-3.5-turbo,MEDIUM,HIGH
73676116-gpt-3.5-turbo,MEDIUM,VERY HIGH
73364270-gpt-3.5-turbo,MEDIUM,HIGH
73760219-gpt-3.5-turbo,MEDIUM,VERY LOW
73946426-gpt-3.5-turbo,HIGH,VERY HIGH
73410719-gpt-3.5-turbo,MEDIUM,MEDIUM
73611950-gpt-3.5-turbo,HIGH,MEDIUM
73546092-gpt-3.5-turbo,HIGH,MEDIUM
73300008-gpt-3.5-turbo,MEDIUM,HIGH
74367079-gpt-3.5-turbo,HIGH,VERY HIGH
73766357-gpt-3.5-turbo,MEDIUM,MEDIUM
73972027-gpt-3.5-turbo,MEDIUM,MEDIUM
74354445-gpt-3.5-turbo,MEDIUM,HIGH
74543156-gpt-3.5-turbo,MEDIUM,HIGH
73525303-gpt-3.5-turbo,LOW,LOW
73201201-gpt-3.5-turbo,HIGH,MEDIUM
73954718-gpt-3.5-turbo,MEDIUM,MEDIUM
73611112-gpt-3.5-turbo,MEDIUM,HIGH
74574699-gpt-3.5-turbo,LOW,LOW
74484753-gpt-3.5-turbo,HIGH,HIGH
72921785-gpt-3.5-turbo,LOW,HIGH
73296988-gpt-3.5-turbo,HIGH,MEDIUM
73211933-gpt-3.5-turbo,MEDIUM,MEDIUM
73805636-gpt-3.5-turbo,LOW,LOW
74132943-gpt-3.5-turbo,MEDIUM,MEDIUM
73367075-gpt-3.5-turbo,LOW,HIGH
74237232-gpt-3.5-turbo,HIGH,VERY HIGH
74263069-gpt-3.5-turbo,MEDIUM,HIGH
74214976-gpt-3.5-turbo,MEDIUM,HIGH
73131247-gpt-3.5-turbo,MEDIUM,LOW
73316485-gpt-3.5-turbo,HIGH,LOW
72940123-gpt-3.5-turbo,MEDIUM,HIGH
73693052-gpt-3.5-turbo,MEDIUM,VERY LOW
74475086-gpt-3.5-turbo,MEDIUM,VERY HIGH
73674092-gpt-3.5-turbo,LOW,VERY HIGH
73001297-gpt-3.5-turbo,HIGH,LOW
73332258-gpt-3.5-turbo,MEDIUM,VERY HIGH
73907799-gpt-3.5-turbo,MEDIUM,MEDIUM
73076798-gpt-3.5-turbo,HIGH,HIGH
73067624-gpt-3.5-turbo,MEDIUM,MEDIUM
73493717-gpt-3.5-turbo,MEDIUM,HIGH
73581456-gpt-3.5-turbo,MEDIUM,MEDIUM
73111730-gpt-3.5-turbo,HIGH,MEDIUM
73870058-gpt-3.5-turbo,MEDIUM,VERY HIGH
74328847-gpt-3.5-turbo,HIGH,MEDIUM
73077152-gpt-3.5-turbo,MEDIUM,LOW
73060562-gpt-3.5-turbo,LOW,MEDIUM
73772360-gpt-3.5-turbo,MEDIUM,MEDIUM
72901581-gpt-3.5-turbo,HIGH,MEDIUM
73336387-gpt-3.5-turbo,HIGH,LOW
73225767-gpt-3.5-turbo,HIGH,VERY HIGH
73676462-gpt-3.5-turbo,MEDIUM,VERY HIGH
74286842-gpt-3.5-turbo,HIGH,LOW
73413953-gpt-3.5-turbo,MEDIUM,HIGH
74591448-gpt-3.5-turbo,MEDIUM,MEDIUM
72938512-gpt-3.5-turbo,HIGH,MEDIUM
74189852-gpt-3.5-turbo,MEDIUM,HIGH
73851725-gpt-3.5-turbo,HIGH,HIGH
73669427-gpt-3.5-turbo,MEDIUM,VERY LOW
74322206-gpt-3.5-turbo,LOW,VERY LOW
73543246-gpt-3.5-turbo,MEDIUM,HIGH
72978467-gpt-3.5-turbo,HIGH,HIGH
73535528-gpt-3.5-turbo,MEDIUM,LOW
74234235-gpt-3.5-turbo,MEDIUM,VERY HIGH
73616926-gpt-3.5-turbo,LOW,VERY HIGH
74433987-gpt-3.5-turbo,MEDIUM,HIGH
73315006-gpt-3.5-turbo,LOW,VERY HIGH
74026877-gpt-3.5-turbo,MEDIUM,MEDIUM
73185851-gpt-3.5-turbo,MEDIUM,MEDIUM
74472565-gpt-3.5-turbo,HIGH,VERY HIGH
74575521-gpt-3.5-turbo,LOW,MEDIUM
73102008-gpt-3.5-turbo,HIGH,VERY HIGH
74350679-gpt-3.5-turbo,MEDIUM,VERY HIGH
74412442-gpt-3.5-turbo,MEDIUM,MEDIUM
73810279-gpt-3.5-turbo,MEDIUM,LOW
73389055-gpt-3.5-turbo,MEDIUM,VERY HIGH
74371499-gpt-3.5-turbo,HIGH,LOW
74381155-gpt-3.5-turbo,MEDIUM,HIGH
73270959-gpt-3.5-turbo,MEDIUM,LOW
73717005-gpt-3.5-turbo,MEDIUM,LOW
73467227-gpt-3.5-turbo,MEDIUM,VERY HIGH
73585351-gpt-3.5-turbo,MEDIUM,HIGH
73025557-gpt-3.5-turbo,HIGH,MEDIUM
74083779-gpt-3.5-turbo,MEDIUM,MEDIUM
73537413-gpt-3.5-turbo,MEDIUM,MEDIUM
74509701-gpt-3.5-turbo,MEDIUM,HIGH
74440532-gpt-3.5-turbo,MEDIUM,VERY HIGH
73550999-gpt-3.5-turbo,HIGH,VERY HIGH
74495897-gpt-3.5-turbo,MEDIUM,VERY HIGH
73750333-gpt-3.5-turbo,MEDIUM,MEDIUM
72830586-gpt-3.5-turbo,MEDIUM,LOW
73874791-gpt-3.5-turbo,MEDIUM,VERY HIGH
72843205-gpt-3.5-turbo,MEDIUM,LOW
73868350-gpt-3.5-turbo,HIGH,VERY HIGH
73475091-gpt-3.5-turbo,MEDIUM,MEDIUM
74363179-gpt-3.5-turbo,HIGH,HIGH
73093527-gpt-3.5-turbo,MEDIUM,VERY HIGH
74027109-gpt-3.5-turbo,HIGH,VERY HIGH
73711919-gpt-3.5-turbo,HIGH,VERY HIGH
73187972-gpt-3.5-turbo,HIGH,LOW
73195147-gpt-3.5-turbo,HIGH,LOW
74560568-gpt-3.5-turbo,MEDIUM,HIGH
72957907-gpt-3.5-turbo,MEDIUM,HIGH
73206867-gpt-3.5-turbo,HIGH,HIGH
74422137-gpt-3.5-turbo,MEDIUM,VERY HIGH
74569969-gpt-3.5-turbo,MEDIUM,MEDIUM
74500669-gpt-3.5-turbo,MEDIUM,LOW
73989407-gpt-3.5-turbo,LOW,HIGH
74425498-gpt-3.5-turbo,MEDIUM,HIGH
73000455-gpt-3.5-turbo,MEDIUM,VERY HIGH
73297257-gpt-3.5-turbo,HIGH,VERY HIGH
73750290-gpt-3.5-turbo,HIGH,MEDIUM
74053380-gpt-3.5-turbo,HIGH,LOW
73539348-gpt-3.5-turbo,MEDIUM,LOW
73436929-gpt-3.5-turbo,MEDIUM,HIGH
74587470-meta-llama/Llama-2-7b-chat-hf,LOW,MEDIUM
74118094-meta-llama/Llama-2-7b-chat-hf,MEDIUM,MEDIUM
74118094-gpt-3.5-turbo,MEDIUM,LOW
73591819-meta-llama/Llama-2-7b-chat-hf,MEDIUM,HIGH
73651301-meta-llama/Llama-2-7b-chat-hf,MEDIUM,MEDIUM
73651301-gpt-3.5-turbo,LOW,MEDIUM
72863142-meta-llama/Llama-2-7b-chat-hf,MEDIUM,LOW
72863142-gpt-3.5-turbo,LOW,MEDIUM
74891998-meta-llama/Llama-2-7b-chat-hf,MEDIUM,MEDIUM
75128735-meta-llama/Llama-2-7b-chat-hf,LOW,VERY HIGH
75953590-gpt-3.5-turbo,HIGH,HIGH
75309327-gpt-3.5-turbo,MEDIUM,MEDIUM
75274866-gpt-3.5-turbo,MEDIUM,VERY HIGH
75274866-meta-llama/Llama-2-7b-chat-hf,HIGH,VERY HIGH
75124044-gpt-3.5-turbo,HIGH,LOW
75754152-gpt-3.5-turbo,HIGH,VERY HIGH
75361470-meta-llama/Llama-2-7b-chat-hf,HIGH,LOW
75394657-gpt-3.5-turbo,HIGH,MEDIUM
75137675-gpt-3.5-turbo,MEDIUM,MEDIUM
75137675-meta-llama/Llama-2-7b-chat-hf,MEDIUM,VERY LOW
75676718-gpt-3.5-turbo,LOW,MEDIUM
75535945-meta-llama/Llama-2-7b-chat-hf,MEDIUM,HIGH
75412023-gpt-3.5-turbo,MEDIUM,MEDIUM
76053426-gpt-3.5-turbo,HIGH,LOW
75141068-gpt-3.5-turbo,MEDIUM,MEDIUM
74625933-gpt-3.5-turbo,LOW,MEDIUM
75606592-gpt-3.5-turbo,MEDIUM,LOW
75779286-gpt-3.5-turbo,HIGH,LOW
75779286-meta-llama/Llama-2-7b-chat-hf,HIGH,MEDIUM
75701487-gpt-3.5-turbo,MEDIUM,MEDIUM
75581187-meta-llama/Llama-2-7b-chat-hf,MEDIUM,VERY HIGH
74776494-meta-llama/Llama-2-7b-chat-hf,MEDIUM,HIGH
74873498-meta-llama/Llama-2-7b-chat-hf,HIGH,HIGH
75004091-gpt-3.5-turbo,HIGH,VERY LOW
75536237-meta-llama/Llama-2-7b-chat-hf,LOW,VERY HIGH
75681460-meta-llama/Llama-2-7b-chat-hf,MEDIUM,MEDIUM
75255746-gpt-3.5-turbo,HIGH,HIGH
75491505-gpt-3.5-turbo,LOW,HIGH
75491505-meta-llama/Llama-2-7b-chat-hf,LOW,LOW
75705927-meta-llama/Llama-2-7b-chat-hf,HIGH,VERY HIGH
74678625-gpt-3.5-turbo,MEDIUM,MEDIUM
74673173-gpt-3.5-turbo,LOW,VERY HIGH
75203685-gpt-3.5-turbo,LOW,VERY HIGH
75791645-gpt-3.5-turbo,MEDIUM,HIGH
75005196-meta-llama/Llama-2-7b-chat-hf,MEDIUM,MEDIUM
75010505-gpt-3.5-turbo,HIGH,VERY HIGH
75900187-gpt-3.5-turbo,HIGH,HIGH
75717363-gpt-3.5-turbo,MEDIUM,MEDIUM
75717363-meta-llama/Llama-2-7b-chat-hf,HIGH,VERY HIGH
76037084-meta-llama/Llama-2-7b-chat-hf,HIGH,MEDIUM
75056900-gpt-3.5-turbo,HIGH,VERY HIGH
75689998-gpt-3.5-turbo,HIGH,VERY HIGH
74729692-gpt-3.5-turbo,HIGH,MEDIUM
74962116-gpt-3.5-turbo,HIGH,HIGH
74962116-meta-llama/Llama-2-7b-chat-hf,HIGH,HIGH
75037519-meta-llama/Llama-2-7b-chat-hf,LOW,LOW
75854182-gpt-3.5-turbo,HIGH,HIGH
75093391-meta-llama/Llama-2-7b-chat-hf,MEDIUM,MEDIUM
75258460-gpt-3.5-turbo,HIGH,LOW
75323021-gpt-3.5-turbo,MEDIUM,VERY HIGH
75617550-gpt-3.5-turbo,LOW,HIGH
75459074-gpt-3.5-turbo,MEDIUM,MEDIUM
75459074-meta-llama/Llama-2-7b-chat-hf,MEDIUM,HIGH
74677143-gpt-3.5-turbo,LOW,MEDIUM
75993119-meta-llama/Llama-2-7b-chat-hf,MEDIUM,VERY LOW
74773637-meta-llama/Llama-2-7b-chat-hf,HIGH,HIGH
75526159-meta-llama/Llama-2-7b-chat-hf,MEDIUM,VERY HIGH
74999834-meta-llama/Llama-2-7b-chat-hf,HIGH,MEDIUM
75412792-meta-llama/Llama-2-7b-chat-hf,HIGH,VERY HIGH
75314123-meta-llama/Llama-2-7b-chat-hf,MEDIUM,MEDIUM
75666984-meta-llama/Llama-2-7b-chat-hf,MEDIUM,HIGH
75802832-meta-llama/Llama-2-7b-chat-hf,HIGH,HIGH
75299402-gpt-3.5-turbo,LOW,VERY LOW
74621685-gpt-3.5-turbo,HIGH,MEDIUM
75439576-gpt-3.5-turbo,LOW,MEDIUM
75439576-meta-llama/Llama-2-7b-chat-hf,MEDIUM,LOW
74910981-meta-llama/Llama-2-7b-chat-hf,HIGH,VERY LOW
75727923-meta-llama/Llama-2-7b-chat-hf,HIGH,MEDIUM
75828054-gpt-3.5-turbo,MEDIUM,HIGH
75259576-gpt-3.5-turbo,MEDIUM,MEDIUM
74625933-meta-llama/Llama-2-7b-chat-hf,MEDIUM,MEDIUM
75767654-meta-llama/Llama-2-7b-chat-hf,HIGH,MEDIUM
75300420-gpt-3.5-turbo,MEDIUM,HIGH
74829371-meta-llama/Llama-2-7b-chat-hf,VERY LOW,HIGH
75388014-gpt-3.5-turbo,MEDIUM,MEDIUM
74894428-meta-llama/Llama-2-7b-chat-hf,MEDIUM,VERY LOW
74645329-meta-llama/Llama-2-7b-chat-hf,MEDIUM,VERY HIGH
74952536-meta-llama/Llama-2-7b-chat-hf,HIGH,VERY HIGH
75442293-meta-llama/Llama-2-7b-chat-hf,MEDIUM,HIGH
75900187-meta-llama/Llama-2-7b-chat-hf,LOW,HIGH
74691834-meta-llama/Llama-2-7b-chat-hf,LOW,VERY HIGH
74729692-meta-llama/Llama-2-7b-chat-hf,LOW,LOW
75389612-gpt-3.5-turbo,HIGH,VERY HIGH
75802587-gpt-3.5-turbo,MEDIUM,LOW
75312392-meta-llama/Llama-2-7b-chat-hf,HIGH,LOW
75778261-meta-llama/Llama-2-7b-chat-hf,HIGH,MEDIUM
76011691-gpt-3.5-turbo,LOW,VERY HIGH
75340300-meta-llama/Llama-2-7b-chat-hf,MEDIUM,MEDIUM
75534461-meta-llama/Llama-2-7b-chat-hf,HIGH,MEDIUM
74999834-gpt-3.5-turbo,MEDIUM,LOW
75604275-meta-llama/Llama-2-7b-chat-hf,MEDIUM,HIGH
75354216-gpt-3.5-turbo,HIGH,VERY HIGH
75035488-gpt-3.5-turbo,MEDIUM,LOW
75035488-meta-llama/Llama-2-7b-chat-hf,HIGH,VERY LOW
75463207-gpt-3.5-turbo,MEDIUM,VERY HIGH
75210719-gpt-3.5-turbo,HIGH,LOW
75785613-gpt-3.5-turbo,MEDIUM,VERY HIGH
75785613-meta-llama/Llama-2-7b-chat-hf,MEDIUM,MEDIUM
75089553-meta-llama/Llama-2-7b-chat-hf,MEDIUM,LOW
75056105-meta-llama/Llama-2-7b-chat-hf,MEDIUM,MEDIUM
75188688-gpt-3.5-turbo,HIGH,MEDIUM
75438995-meta-llama/Llama-2-7b-chat-hf,MEDIUM,MEDIUM
76021384-gpt-3.5-turbo,HIGH,VERY HIGH
74877491-meta-llama/Llama-2-7b-chat-hf,HIGH,MEDIUM
75080882-gpt-3.5-turbo,LOW,HIGH
74916407-meta-llama/Llama-2-7b-chat-hf,LOW,MEDIUM
74997974-meta-llama/Llama-2-7b-chat-hf,MEDIUM,MEDIUM
75549944-meta-llama/Llama-2-7b-chat-hf,MEDIUM,VERY LOW
76009085-meta-llama/Llama-2-7b-chat-hf,MEDIUM,MEDIUM
75999602-meta-llama/Llama-2-7b-chat-hf,MEDIUM,LOW
75196037-meta-llama/Llama-2-7b-chat-hf,HIGH,LOW
74652347-meta-llama/Llama-2-7b-chat-hf,HIGH,LOW
75555522-meta-llama/Llama-2-7b-chat-hf,MEDIUM,MEDIUM
74807729-meta-llama/Llama-2-7b-chat-hf,MEDIUM,MEDIUM
75762757-meta-llama/Llama-2-7b-chat-hf,MEDIUM,VERY HIGH
75764309-meta-llama/Llama-2-7b-chat-hf,MEDIUM,HIGH
75815092-meta-llama/Llama-2-7b-chat-hf,HIGH,MEDIUM
76009718-meta-llama/Llama-2-7b-chat-hf,HIGH,MEDIUM
75344215-meta-llama/Llama-2-7b-chat-hf,MEDIUM,MEDIUM
76082047-gpt-3.5-turbo,HIGH,MEDIUM
75915685-meta-llama/Llama-2-7b-chat-hf,MEDIUM,MEDIUM
75801284-gpt-3.5-turbo,LOW,MEDIUM
75666909-meta-llama/Llama-2-7b-chat-hf,HIGH,VERY HIGH
75039363-meta-llama/Llama-2-7b-chat-hf,MEDIUM,LOW
75022490-meta-llama/Llama-2-7b-chat-hf,HIGH,LOW
75194988-meta-llama/Llama-2-7b-chat-hf,HIGH,HIGH
75141541-meta-llama/Llama-2-7b-chat-hf,MEDIUM,VERY HIGH
74635523-meta-llama/Llama-2-7b-chat-hf,MEDIUM,LOW
75768527-meta-llama/Llama-2-7b-chat-hf,MEDIUM,LOW
75338255-meta-llama/Llama-2-7b-chat-hf,MEDIUM,VERY LOW
75003039-meta-llama/Llama-2-7b-chat-hf,MEDIUM,MEDIUM
75349712-meta-llama/Llama-2-7b-chat-hf,MEDIUM,LOW
75198599-meta-llama/Llama-2-7b-chat-hf,MEDIUM,LOW
74813041-meta-llama/Llama-2-7b-chat-hf,HIGH,VERY HIGH
75903800-meta-llama/Llama-2-7b-chat-hf,MEDIUM,HIGH
75494817-meta-llama/Llama-2-7b-chat-hf,MEDIUM,HIGH
75644586-meta-llama/Llama-2-7b-chat-hf,MEDIUM,LOW
75135939-meta-llama/Llama-2-7b-chat-hf,LOW,MEDIUM
75205360-gpt-3.5-turbo,MEDIUM,HIGH
74912847-gpt-3.5-turbo,MEDIUM,HIGH
74871587-gpt-3.5-turbo,MEDIUM,MEDIUM
75056149-gpt-3.5-turbo,MEDIUM,MEDIUM
75762757-gpt-3.5-turbo,MEDIUM,HIGH
74910014-gpt-3.5-turbo,MEDIUM,HIGH
75052561-gpt-3.5-turbo,LOW,MEDIUM
75392538-gpt-3.5-turbo,MEDIUM,LOW
75694420-gpt-3.5-turbo,HIGH,VERY HIGH
75377287-gpt-3.5-turbo,HIGH,LOW
75585439-gpt-3.5-turbo,HIGH,HIGH
75915685-gpt-3.5-turbo,MEDIUM,LOW
75130798-gpt-3.5-turbo,MEDIUM,HIGH
75100575-gpt-3.5-turbo,HIGH,VERY HIGH
75141541-gpt-3.5-turbo,HIGH,HIGH
74633644-gpt-3.5-turbo,HIGH,VERY HIGH
75080442-gpt-3.5-turbo,MEDIUM,VERY HIGH
74632731-gpt-3.5-turbo,HIGH,MEDIUM
75062538-gpt-3.5-turbo,HIGH,MEDIUM
74919045-gpt-3.5-turbo,HIGH,HIGH
75513958-gpt-3.5-turbo,HIGH,HIGH
74996056-gpt-3.5-turbo,MEDIUM,VERY LOW
75715631-gpt-3.5-turbo,HIGH,LOW
75449604-gpt-3.5-turbo,VERY HIGH,VERY HIGH
75011823-gpt-3.5-turbo,MEDIUM,MEDIUM
75353543-gpt-3.5-turbo,HIGH,VERY HIGH
75789993-gpt-3.5-turbo,MEDIUM,HIGH
75055688-meta-llama/Llama-2-7b-chat-hf,HIGH,MEDIUM
74911648-gpt-3.5-turbo,LOW,LOW
73827986-gpt-3.5-turbo,MEDIUM,MEDIUM
73143311-meta-llama/Llama-2-7b-chat-hf,HIGH,VERY LOW
74242518-gpt-3.5-turbo,HIGH,MEDIUM
74535758-meta-llama/Llama-2-7b-chat-hf,LOW,HIGH
73314559-meta-llama/Llama-2-7b-chat-hf,MEDIUM,LOW
73272894-gpt-3.5-turbo,LOW,MEDIUM
72905471-gpt-3.5-turbo,LOW,LOW
72826154-meta-llama/Llama-2-7b-chat-hf,MEDIUM,VERY LOW
74437558-gpt-3.5-turbo,HIGH,LOW
74214892-gpt-3.5-turbo,MEDIUM,MEDIUM
73903352-meta-llama/Llama-2-7b-chat-hf,LOW,HIGH
74393426-gpt-3.5-turbo,MEDIUM,LOW
73184914-meta-llama/Llama-2-7b-chat-hf,LOW,MEDIUM
73144075-gpt-3.5-turbo,MEDIUM,LOW
74543810-gpt-3.5-turbo,MEDIUM,MEDIUM
72847591-meta-llama/Llama-2-7b-chat-hf,MEDIUM,HIGH
74095245-meta-llama/Llama-2-7b-chat-hf,LOW,LOW
74136704-meta-llama/Llama-2-7b-chat-hf,LOW,HIGH
73867414-gpt-3.5-turbo,MEDIUM,VERY LOW
73165456-gpt-3.5-turbo,MEDIUM,MEDIUM
73738035-meta-llama/Llama-2-7b-chat-hf,HIGH,LOW
73531936-meta-llama/Llama-2-7b-chat-hf,MEDIUM,MEDIUM
72828351-gpt-3.5-turbo,MEDIUM,HIGH
74365692-gpt-3.5-turbo,HIGH,HIGH
73985713-meta-llama/Llama-2-7b-chat-hf,LOW,LOW
74306195-gpt-3.5-turbo,HIGH,MEDIUM
73968425-meta-llama/Llama-2-7b-chat-hf,HIGH,MEDIUM
72925947-gpt-3.5-turbo,MEDIUM,VERY LOW
74512813-meta-llama/Llama-2-7b-chat-hf,MEDIUM,VERY HIGH
74594144-meta-llama/Llama-2-7b-chat-hf,MEDIUM,MEDIUM
74168837-meta-llama/Llama-2-7b-chat-hf,LOW,VERY LOW
73784320-gpt-3.5-turbo,MEDIUM,MEDIUM
73377019-meta-llama/Llama-2-7b-chat-hf,HIGH,MEDIUM
73210611-meta-llama/Llama-2-7b-chat-hf,MEDIUM,HIGH
74548191-meta-llama/Llama-2-7b-chat-hf,HIGH,VERY HIGH
73502432-gpt-3.5-turbo,MEDIUM,LOW
73515934-meta-llama/Llama-2-7b-chat-hf,VERY HIGH,LOW
72936313-meta-llama/Llama-2-7b-chat-hf,MEDIUM,MEDIUM
73113554-gpt-3.5-turbo,MEDIUM,HIGH
73960832-gpt-3.5-turbo,MEDIUM,MEDIUM
73316739-meta-llama/Llama-2-7b-chat-hf,MEDIUM,VERY HIGH
73316739-gpt-3.5-turbo,MEDIUM,VERY LOW
73253228-meta-llama/Llama-2-7b-chat-hf,LOW,HIGH
73809448-meta-llama/Llama-2-7b-chat-hf,LOW,HIGH
72887432-gpt-3.5-turbo,HIGH,LOW
74490549-gpt-3.5-turbo,HIGH,VERY HIGH
74257296-gpt-3.5-turbo,LOW,HIGH
73725267-meta-llama/Llama-2-7b-chat-hf,HIGH,LOW
73354302-gpt-3.5-turbo,HIGH,LOW
74014951-gpt-3.5-turbo,MEDIUM,LOW
73066189-meta-llama/Llama-2-7b-chat-hf,HIGH,VERY HIGH
72843205-meta-llama/Llama-2-7b-chat-hf,MEDIUM,MEDIUM
74560568-meta-llama/Llama-2-7b-chat-hf,HIGH,MEDIUM
72957907-meta-llama/Llama-2-7b-chat-hf,HIGH,HIGH
74422137-meta-llama/Llama-2-7b-chat-hf,HIGH,HIGH
74569969-meta-llama/Llama-2-7b-chat-hf,HIGH,MEDIUM
73989407-meta-llama/Llama-2-7b-chat-hf,MEDIUM,MEDIUM
73297257-meta-llama/Llama-2-7b-chat-hf,MEDIUM,MEDIUM
73410047-meta-llama/Llama-2-7b-chat-hf,HIGH,MEDIUM
73443078-meta-llama/Llama-2-7b-chat-hf,MEDIUM,MEDIUM
73443078-gpt-3.5-turbo,MEDIUM,LOW
73232841-meta-llama/Llama-2-7b-chat-hf,MEDIUM,MEDIUM
72849419-gpt-3.5-turbo,HIGH,VERY HIGH
72965331-meta-llama/Llama-2-7b-chat-hf,HIGH,LOW
73791548-meta-llama/Llama-2-7b-chat-hf,MEDIUM,LOW
72882674-meta-llama/Llama-2-7b-chat-hf,MEDIUM,VERY HIGH
73526145-meta-llama/Llama-2-7b-chat-hf,HIGH,MEDIUM
73961325-meta-llama/Llama-2-7b-chat-hf,MEDIUM,HIGH
73858913-meta-llama/Llama-2-7b-chat-hf,MEDIUM,MEDIUM
74167747-meta-llama/Llama-2-7b-chat-hf,HIGH,MEDIUM
74349234-meta-llama/Llama-2-7b-chat-hf,MEDIUM,VERY LOW
73549943-meta-llama/Llama-2-7b-chat-hf,MEDIUM,VERY HIGH
73946426-meta-llama/Llama-2-7b-chat-hf,MEDIUM,HIGH
73393051-meta-llama/Llama-2-7b-chat-hf,MEDIUM,LOW
73300008-meta-llama/Llama-2-7b-chat-hf,HIGH,MEDIUM
73766357-meta-llama/Llama-2-7b-chat-hf,MEDIUM,LOW
73201201-meta-llama/Llama-2-7b-chat-hf,HIGH,MEDIUM
73611112-meta-llama/Llama-2-7b-chat-hf,MEDIUM,MEDIUM
74173571-meta-llama/Llama-2-7b-chat-hf,MEDIUM,VERY LOW
73367075-meta-llama/Llama-2-7b-chat-hf,LOW,VERY HIGH
74452093-meta-llama/Llama-2-7b-chat-hf,MEDIUM,MEDIUM
73977102-meta-llama/Llama-2-7b-chat-hf,LOW,HIGH
73693052-meta-llama/Llama-2-7b-chat-hf,MEDIUM,VERY HIGH
73076798-meta-llama/Llama-2-7b-chat-hf,HIGH,MEDIUM
73870058-meta-llama/Llama-2-7b-chat-hf,MEDIUM,HIGH
73077152-meta-llama/Llama-2-7b-chat-hf,LOW,MEDIUM
73060562-meta-llama/Llama-2-7b-chat-hf,MEDIUM,VERY HIGH
73319080-meta-llama/Llama-2-7b-chat-hf,MEDIUM,LOW
73336387-meta-llama/Llama-2-7b-chat-hf,MEDIUM,LOW
73225767-meta-llama/Llama-2-7b-chat-hf,MEDIUM,MEDIUM
74392033-meta-llama/Llama-2-7b-chat-hf,LOW,VERY LOW
74591448-meta-llama/Llama-2-7b-chat-hf,MEDIUM,MEDIUM
73397834-meta-llama/Llama-2-7b-chat-hf,HIGH,MEDIUM
73669427-meta-llama/Llama-2-7b-chat-hf,MEDIUM,LOW
73387665-meta-llama/Llama-2-7b-chat-hf,MEDIUM,LOW
74433987-meta-llama/Llama-2-7b-chat-hf,MEDIUM,VERY HIGH
74412442-meta-llama/Llama-2-7b-chat-hf,HIGH,LOW
73810279-meta-llama/Llama-2-7b-chat-hf,MEDIUM,MEDIUM
74086321-meta-llama/Llama-2-7b-chat-hf,HIGH,VERY LOW
73270959-meta-llama/Llama-2-7b-chat-hf,HIGH,MEDIUM
73025557-meta-llama/Llama-2-7b-chat-hf,MEDIUM,VERY HIGH
73151371-meta-llama/Llama-2-7b-chat-hf,MEDIUM,MEDIUM
73841384-gpt-3.5-turbo,LOW,VERY HIGH
73526145-gpt-3.5-turbo,MEDIUM,MEDIUM
73961325-gpt-3.5-turbo,HIGH,VERY HIGH
74587470-gpt-3.5-turbo,HIGH,MEDIUM
73393051-gpt-3.5-turbo,MEDIUM,MEDIUM
74603229-gpt-3.5-turbo,MEDIUM,MEDIUM
74590672-gpt-3.5-turbo,HIGH,MEDIUM
74456405-gpt-3.5-turbo,MEDIUM,MEDIUM
73903529-gpt-3.5-turbo,MEDIUM,VERY HIGH
72929659-gpt-3.5-turbo,MEDIUM,HIGH
73101069-gpt-3.5-turbo,HIGH,MEDIUM
73977102-gpt-3.5-turbo,MEDIUM,VERY HIGH
72970327-gpt-3.5-turbo,MEDIUM,MEDIUM
74244055-gpt-3.5-turbo,MEDIUM,HIGH
73218534-gpt-3.5-turbo,MEDIUM,VERY HIGH
73319080-gpt-3.5-turbo,HIGH,HIGH
73528506-gpt-3.5-turbo,VERY HIGH,LOW
73679367-gpt-3.5-turbo,MEDIUM,MEDIUM
73944185-gpt-3.5-turbo,LOW,HIGH
73387665-gpt-3.5-turbo,HIGH,VERY HIGH
73235410-gpt-3.5-turbo,MEDIUM,HIGH
74328779-gpt-3.5-turbo,MEDIUM,VERY HIGH
73957101-gpt-3.5-turbo,MEDIUM,VERY LOW
73690166-gpt-3.5-turbo,MEDIUM,MEDIUM
73442986-gpt-3.5-turbo,MEDIUM,MEDIUM
73398477-gpt-3.5-turbo,HIGH,VERY HIGH
74587419-gpt-3.5-turbo,MEDIUM,HIGH
74065917-gpt-3.5-turbo,MEDIUM,HIGH
73410047-gpt-3.5-turbo,MEDIUM,VERY LOW
73232841-gpt-3.5-turbo,MEDIUM,MEDIUM
73422387-gpt-3.5-turbo,MEDIUM,VERY LOW
73518721-meta-llama/Llama-2-7b-chat-hf,MEDIUM,VERY HIGH
74460252-meta-llama/Llama-2-7b-chat-hf,MEDIUM,MEDIUM
72935457-meta-llama/Llama-2-7b-chat-hf,MEDIUM,LOW
74343850-gpt-3.5-turbo,MEDIUM,MEDIUM
75124044-meta-llama/Llama-2-7b-chat-hf,LOW,MEDIUM
75754152-meta-llama/Llama-2-7b-chat-hf,MEDIUM,HIGH
75727923-gpt-3.5-turbo,MEDIUM,MEDIUM
75581187-gpt-3.5-turbo,MEDIUM,MEDIUM
75621833-gpt-3.5-turbo,HIGH,MEDIUM
75355962-meta-llama/Llama-2-7b-chat-hf,LOW,LOW
74836161-gpt-3.5-turbo,MEDIUM,MEDIUM
75211654-meta-llama/Llama-2-7b-chat-hf,MEDIUM,MEDIUM
75114654-meta-llama/Llama-2-7b-chat-hf,HIGH,MEDIUM
75149224-gpt-3.5-turbo,MEDIUM,HIGH
75314123-gpt-3.5-turbo,HIGH,VERY HIGH
75132488-meta-llama/Llama-2-7b-chat-hf,LOW,MEDIUM
75679966-meta-llama/Llama-2-7b-chat-hf,MEDIUM,MEDIUM
75980105-meta-llama/Llama-2-7b-chat-hf,MEDIUM,MEDIUM
74933094-gpt-3.5-turbo,MEDIUM,LOW
75058127-meta-llama/Llama-2-7b-chat-hf,MEDIUM,MEDIUM
75354216-meta-llama/Llama-2-7b-chat-hf,LOW,MEDIUM
75040685-meta-llama/Llama-2-7b-chat-hf,MEDIUM,LOW
74731934-meta-llama/Llama-2-7b-chat-hf,HIGH,VERY HIGH
76021384-meta-llama/Llama-2-7b-chat-hf,HIGH,VERY HIGH
75881502-gpt-3.5-turbo,VERY LOW,VERY HIGH
74776471-meta-llama/Llama-2-7b-chat-hf,MEDIUM,VERY LOW
75204334-meta-llama/Llama-2-7b-chat-hf,MEDIUM,VERY LOW
74912847-meta-llama/Llama-2-7b-chat-hf,MEDIUM,LOW
75619912-gpt-3.5-turbo,HIGH,MEDIUM
74910014-meta-llama/Llama-2-7b-chat-hf,VERY HIGH,LOW
75194484-meta-llama/Llama-2-7b-chat-hf,MEDIUM,HIGH
75392538-meta-llama/Llama-2-7b-chat-hf,MEDIUM,VERY LOW
75409618-meta-llama/Llama-2-7b-chat-hf,LOW,MEDIUM
75610152-meta-llama/Llama-2-7b-chat-hf,HIGH,MEDIUM
75709844-meta-llama/Llama-2-7b-chat-hf,MEDIUM,MEDIUM
75928075-gpt-3.5-turbo,MEDIUM,LOW
75029678-meta-llama/Llama-2-7b-chat-hf,MEDIUM,HIGH
75062538-meta-llama/Llama-2-7b-chat-hf,HIGH,VERY LOW
75369191-meta-llama/Llama-2-7b-chat-hf,HIGH,LOW
75513958-meta-llama/Llama-2-7b-chat-hf,MEDIUM,VERY HIGH
75958436-meta-llama/Llama-2-7b-chat-hf,LOW,MEDIUM
75919061-meta-llama/Llama-2-7b-chat-hf,MEDIUM,MEDIUM
75205665-gpt-3.5-turbo,LOW,HIGH
75416375-gpt-3.5-turbo,LOW,VERY HIGH
75344215-gpt-3.5-turbo,LOW,MEDIUM
75248840-gpt-3.5-turbo,MEDIUM,MEDIUM
75958436-gpt-3.5-turbo,HIGH,HIGH
75055688-gpt-3.5-turbo,LOW,VERY HIGH
72986123-meta-llama/Llama-2-7b-chat-hf,HIGH,LOW
74368270-meta-llama/Llama-2-7b-chat-hf,MEDIUM,LOW
74411450-gpt-3.5-turbo,HIGH,VERY HIGH
72966905-meta-llama/Llama-2-7b-chat-hf,MEDIUM,MEDIUM
73891997-meta-llama/Llama-2-7b-chat-hf,MEDIUM,MEDIUM
74089173-meta-llama/Llama-2-7b-chat-hf,HIGH,MEDIUM
73903603-meta-llama/Llama-2-7b-chat-hf,MEDIUM,HIGH
74448709-gpt-3.5-turbo,MEDIUM,VERY HIGH
73407546-meta-llama/Llama-2-7b-chat-hf,HIGH,HIGH
74339986-gpt-3.5-turbo,HIGH,VERY HIGH
73515766-meta-llama/Llama-2-7b-chat-hf,MEDIUM,VERY HIGH
72988901-meta-llama/Llama-2-7b-chat-hf,LOW,LOW
74588596-meta-llama/Llama-2-7b-chat-hf,MEDIUM,VERY HIGH
73538666-gpt-3.5-turbo,MEDIUM,LOW
72954104-meta-llama/Llama-2-7b-chat-hf,HIGH,MEDIUM
74481905-gpt-3.5-turbo,MEDIUM,LOW
74365692-meta-llama/Llama-2-7b-chat-hf,HIGH,HIGH
73573040-meta-llama/Llama-2-7b-chat-hf,MEDIUM,LOW
73106769-meta-llama/Llama-2-7b-chat-hf,MEDIUM,LOW
74407560-meta-llama/Llama-2-7b-chat-hf,LOW,LOW
73072459-meta-llama/Llama-2-7b-chat-hf,MEDIUM,VERY HIGH
73502432-meta-llama/Llama-2-7b-chat-hf,HIGH,LOW
73113554-meta-llama/Llama-2-7b-chat-hf,HIGH,MEDIUM
74490549-meta-llama/Llama-2-7b-chat-hf,LOW,MEDIUM
73134275-meta-llama/Llama-2-7b-chat-hf,MEDIUM,MEDIUM
73292446-gpt-3.5-turbo,HIGH,LOW
74199102-gpt-3.5-turbo,HIGH,MEDIUM
73746526-gpt-3.5-turbo,MEDIUM,MEDIUM
73630660-meta-llama/Llama-2-7b-chat-hf,LOW,VERY LOW
74506570-gpt-3.5-turbo,HIGH,MEDIUM
74014951-meta-llama/Llama-2-7b-chat-hf,LOW,MEDIUM
74325785-meta-llama/Llama-2-7b-chat-hf,MEDIUM,VERY HIGH
74460252-gpt-3.5-turbo,MEDIUM,HIGH
72830586-meta-llama/Llama-2-7b-chat-hf,MEDIUM,VERY HIGH
74065917-meta-llama/Llama-2-7b-chat-hf,HIGH,HIGH
74425498-meta-llama/Llama-2-7b-chat-hf,LOW,VERY LOW
74603346-meta-llama/Llama-2-7b-chat-hf,MEDIUM,LOW
73290373-meta-llama/Llama-2-7b-chat-hf,HIGH,VERY LOW
73646644-meta-llama/Llama-2-7b-chat-hf,MEDIUM,MEDIUM
73613668-meta-llama/Llama-2-7b-chat-hf,HIGH,MEDIUM
73503049-meta-llama/Llama-2-7b-chat-hf,MEDIUM,HIGH
74244055-meta-llama/Llama-2-7b-chat-hf,MEDIUM,MEDIUM
74162662-meta-llama/Llama-2-7b-chat-hf,MEDIUM,LOW
74286842-meta-llama/Llama-2-7b-chat-hf,HIGH,LOW
73528506-meta-llama/Llama-2-7b-chat-hf,LOW,LOW
73944185-meta-llama/Llama-2-7b-chat-hf,MEDIUM,LOW
74328779-meta-llama/Llama-2-7b-chat-hf,HIGH,HIGH
73709225-meta-llama/Llama-2-7b-chat-hf,MEDIUM,HIGH
74587419-meta-llama/Llama-2-7b-chat-hf,MEDIUM,LOW
74405956-gpt-3.5-turbo,MEDIUM,HIGH
73549943-gpt-3.5-turbo,MEDIUM,MEDIUM
73277769-gpt-3.5-turbo,HIGH,VERY HIGH
73504314-gpt-3.5-turbo,HIGH,MEDIUM
74173571-gpt-3.5-turbo,MEDIUM,MEDIUM
73397834-gpt-3.5-turbo,MEDIUM,HIGH
74204364-gpt-3.5-turbo,LOW,MEDIUM
73574161-gpt-3.5-turbo,HIGH,LOW
74598647-gpt-3.5-turbo,HIGH,LOW
72969739-gpt-3.5-turbo,HIGH,LOW
73268456-gpt-3.5-turbo,LOW,LOW
73987353-gpt-3.5-turbo,MEDIUM,MEDIUM
73879329-gpt-3.5-turbo,MEDIUM,MEDIUM
74512385-gpt-3.5-turbo,MEDIUM,HIGH
73709225-gpt-3.5-turbo,MEDIUM,LOW
73660116-gpt-3.5-turbo,HIGH,MEDIUM
74325785-gpt-3.5-turbo,MEDIUM,MEDIUM
73017844-gpt-3.5-turbo,LOW,MEDIUM
75621833-meta-llama/Llama-2-7b-chat-hf,MEDIUM,HIGH
75940783-meta-llama/Llama-2-7b-chat-hf,MEDIUM,MEDIUM
75723026-gpt-3.5-turbo,MEDIUM,HIGH
74758047-gpt-3.5-turbo,HIGH,VERY HIGH
75233987-meta-llama/Llama-2-7b-chat-hf,MEDIUM,VERY HIGH
74991186-gpt-3.5-turbo,MEDIUM,LOW
74825007-meta-llama/Llama-2-7b-chat-hf,MEDIUM,MEDIUM
75390841-meta-llama/Llama-2-7b-chat-hf,HIGH,LOW
75723462-meta-llama/Llama-2-7b-chat-hf,MEDIUM,VERY LOW
76024411-meta-llama/Llama-2-7b-chat-hf,MEDIUM,HIGH
75958646-meta-llama/Llama-2-7b-chat-hf,MEDIUM,VERY HIGH
74765075-meta-llama/Llama-2-7b-chat-hf,VERY HIGH,HIGH
76012769-meta-llama/Llama-2-7b-chat-hf,HIGH,VERY HIGH
75745637-meta-llama/Llama-2-7b-chat-hf,HIGH,LOW
74870967-gpt-3.5-turbo,HIGH,VERY HIGH
75346823-meta-llama/Llama-2-7b-chat-hf,LOW,VERY LOW
75257103-gpt-3.5-turbo,HIGH,VERY HIGH
75383462-gpt-3.5-turbo,HIGH,MEDIUM
75187395-gpt-3.5-turbo,MEDIUM,LOW
76028371-gpt-3.5-turbo,HIGH,LOW
75409618-gpt-3.5-turbo,HIGH,HIGH
76024411-gpt-3.5-turbo,HIGH,HIGH
75219282-gpt-3.5-turbo,MEDIUM,HIGH
75909740-gpt-3.5-turbo,MEDIUM,MEDIUM
75349712-gpt-3.5-turbo,MEDIUM,HIGH
75429405-meta-llama/Llama-2-7b-chat-hf,HIGH,VERY HIGH
75504826-meta-llama/Llama-2-7b-chat-hf,HIGH,MEDIUM
74844464-meta-llama/Llama-2-7b-chat-hf,HIGH,MEDIUM
74242518-meta-llama/Llama-2-7b-chat-hf,LOW,VERY HIGH
73272894-meta-llama/Llama-2-7b-chat-hf,MEDIUM,MEDIUM
72966905-gpt-3.5-turbo,HIGH,VERY LOW
73547364-meta-llama/Llama-2-7b-chat-hf,MEDIUM,VERY LOW
73114255-meta-llama/Llama-2-7b-chat-hf,MEDIUM,MEDIUM
73553976-meta-llama/Llama-2-7b-chat-hf,HIGH,LOW
74400294-meta-llama/Llama-2-7b-chat-hf,MEDIUM,LOW
74321568-meta-llama/Llama-2-7b-chat-hf,MEDIUM,MEDIUM
73179160-gpt-3.5-turbo,MEDIUM,LOW
74407560-gpt-3.5-turbo,LOW,VERY LOW
72925947-meta-llama/Llama-2-7b-chat-hf,LOW,HIGH
74345581-meta-llama/Llama-2-7b-chat-hf,HIGH,HIGH
74345581-gpt-3.5-turbo,HIGH,VERY LOW
74382338-gpt-3.5-turbo,HIGH,MEDIUM
73515934-gpt-3.5-turbo,HIGH,HIGH
73555284-gpt-3.5-turbo,MEDIUM,LOW
74402927-gpt-3.5-turbo,HIGH,HIGH
73630660-gpt-3.5-turbo,HIGH,MEDIUM
74363222-meta-llama/Llama-2-7b-chat-hf,HIGH,HIGH
74053380-meta-llama/Llama-2-7b-chat-hf,HIGH,LOW
73611950-meta-llama/Llama-2-7b-chat-hf,MEDIUM,MEDIUM
73972027-meta-llama/Llama-2-7b-chat-hf,MEDIUM,MEDIUM
74543156-meta-llama/Llama-2-7b-chat-hf,MEDIUM,LOW
74109047-meta-llama/Llama-2-7b-chat-hf,LOW,MEDIUM
73223467-gpt-3.5-turbo,MEDIUM,VERY HIGH
72935457-gpt-3.5-turbo,MEDIUM,VERY HIGH
74452093-gpt-3.5-turbo,MEDIUM,MEDIUM
74571672-gpt-3.5-turbo,MEDIUM,VERY LOW
74162662-gpt-3.5-turbo,MEDIUM,HIGH
74109047-gpt-3.5-turbo,HIGH,VERY LOW
74392033-gpt-3.5-turbo,LOW,LOW
74471297-gpt-3.5-turbo,MEDIUM,VERY HIGH
74199920-gpt-3.5-turbo,LOW,HIGH
74086321-gpt-3.5-turbo,HIGH,VERY LOW
73151371-gpt-3.5-turbo,HIGH,VERY HIGH
74363222-gpt-3.5-turbo,HIGH,HIGH
72907961-gpt-3.5-turbo,HIGH,LOW
74343850-meta-llama/Llama-2-7b-chat-hf,LOW,MEDIUM
75681460-gpt-3.5-turbo,HIGH,VERY HIGH
75307309-meta-llama/Llama-2-7b-chat-hf,MEDIUM,VERY HIGH
75095945-meta-llama/Llama-2-7b-chat-hf,MEDIUM,HIGH
75642280-meta-llama/Llama-2-7b-chat-hf,HIGH,MEDIUM
75210719-meta-llama/Llama-2-7b-chat-hf,MEDIUM,HIGH
75040685-gpt-3.5-turbo,LOW,VERY HIGH
75257103-meta-llama/Llama-2-7b-chat-hf,HIGH,LOW
75036609-meta-llama/Llama-2-7b-chat-hf,MEDIUM,HIGH
74721482-meta-llama/Llama-2-7b-chat-hf,HIGH,VERY HIGH
75569999-meta-llama/Llama-2-7b-chat-hf,MEDIUM,VERY LOW
74694970-meta-llama/Llama-2-7b-chat-hf,MEDIUM,HIGH
75499333-meta-llama/Llama-2-7b-chat-hf,MEDIUM,LOW
75196037-gpt-3.5-turbo,LOW,HIGH
74659206-gpt-3.5-turbo,HIGH,VERY HIGH
74906864-gpt-3.5-turbo,MEDIUM,HIGH
75902318-gpt-3.5-turbo,MEDIUM,HIGH
75377220-meta-llama/Llama-2-7b-chat-hf,MEDIUM,VERY HIGH
73827986-meta-llama/Llama-2-7b-chat-hf,HIGH,VERY HIGH
73551864-gpt-3.5-turbo,VERY HIGH,HIGH
74339986-meta-llama/Llama-2-7b-chat-hf,LOW,LOW
73925755-gpt-3.5-turbo,LOW,VERY HIGH
72856097-meta-llama/Llama-2-7b-chat-hf,MEDIUM,VERY HIGH
73073571-meta-llama/Llama-2-7b-chat-hf,MEDIUM,LOW
73964168-meta-llama/Llama-2-7b-chat-hf,MEDIUM,VERY LOW
74234235-meta-llama/Llama-2-7b-chat-hf,LOW,HIGH
74438621-gpt-3.5-turbo,LOW,VERY LOW
73503049-gpt-3.5-turbo,LOW,VERY HIGH
73008559-gpt-3.5-turbo,VERY HIGH,LOW
73464752-gpt-3.5-turbo,HIGH,LOW
74929519-meta-llama/Llama-2-7b-chat-hf,MEDIUM,VERY HIGH
74624685-meta-llama/Llama-2-7b-chat-hf,LOW,MEDIUM
75534461-gpt-3.5-turbo,VERY LOW,HIGH
75980105-gpt-3.5-turbo,LOW,VERY HIGH
75428138-meta-llama/Llama-2-7b-chat-hf,HIGH,MEDIUM
75902318-meta-llama/Llama-2-7b-chat-hf,HIGH,VERY LOW
74733701-meta-llama/Llama-2-7b-chat-hf,MEDIUM,LOW
74626863-gpt-3.5-turbo,MEDIUM,MEDIUM
74813041-gpt-3.5-turbo,HIGH,HIGH
74588596-gpt-3.5-turbo,MEDIUM,VERY HIGH
73106769-gpt-3.5-turbo,MEDIUM,MEDIUM
73072459-gpt-3.5-turbo,MEDIUM,VERY HIGH
73299474-meta-llama/Llama-2-7b-chat-hf,MEDIUM,MEDIUM
74484753-meta-llama/Llama-2-7b-chat-hf,HIGH,HIGH
73102323-gpt-3.5-turbo,MEDIUM,LOW
73964168-gpt-3.5-turbo,MEDIUM,MEDIUM
74406469-gpt-3.5-turbo,LOW,MEDIUM
74591135-gpt-3.5-turbo,HIGH,VERY HIGH
74187884-gpt-3.5-turbo,LOW,LOW
73591819-gpt-3.5-turbo,MEDIUM,MEDIUM
75323021-meta-llama/Llama-2-7b-chat-hf,MEDIUM,VERY HIGH
75132488-gpt-3.5-turbo,HIGH,VERY HIGH
74713371-meta-llama/Llama-2-7b-chat-hf,HIGH,VERY HIGH
75461439-gpt-3.5-turbo,MEDIUM,LOW
74871587-meta-llama/Llama-2-7b-chat-hf,MEDIUM,LOW
75610549-gpt-3.5-turbo,HIGH,HIGH
75044024-meta-llama/Llama-2-7b-chat-hf,HIGH,VERY HIGH
74041416-meta-llama/Llama-2-7b-chat-hf,MEDIUM,HIGH
74485432-meta-llama/Llama-2-7b-chat-hf,HIGH,MEDIUM
72907961-meta-llama/Llama-2-7b-chat-hf,MEDIUM,MEDIUM
73102008-meta-llama/Llama-2-7b-chat-hf,HIGH,MEDIUM
74199920-meta-llama/Llama-2-7b-chat-hf,LOW,VERY HIGH
73613668-gpt-3.5-turbo,LOW,MEDIUM
75363507-gpt-3.5-turbo,LOW,HIGH
75428138-gpt-3.5-turbo,MEDIUM,MEDIUM
75383462-meta-llama/Llama-2-7b-chat-hf,LOW,HIGH
73188739-meta-llama/Llama-2-7b-chat-hf,HIGH,VERY HIGH
72966759-gpt-3.5-turbo,LOW,VERY HIGH
74318528-meta-llama/Llama-2-7b-chat-hf,LOW,MEDIUM
73573447-gpt-3.5-turbo,LOW,HIGH
74002035-gpt-3.5-turbo,VERY HIGH,HIGH
75029678-gpt-3.5-turbo,LOW,MEDIUM
75745637-gpt-3.5-turbo,MEDIUM,VERY HIGH
73903529-meta-llama/Llama-2-7b-chat-hf,MEDIUM,LOW
