Question ID,Model,one,two,tree
74891998,gpt-3.5-turbo,MEDIUM,VERY HIGH,MEDIUM
74891998,meta-llama/Llama-2-7b-chat-hf,MEDIUM,MEDIUM,MEDIUM
75766948,gpt-3.5-turbo,HIGH,HIGH,MEDIUM
75766948,meta-llama/Llama-2-7b-chat-hf,VERY HIGH,HIGH,HIGH
74844325,gpt-3.5-turbo,MEDIUM,HIGH,VERY LOW
74844325,meta-llama/Llama-2-7b-chat-hf,MEDIUM,MEDIUM,VERY HIGH
75922360,gpt-3.5-turbo,VERY HIGH,VERY HIGH,VERY HIGH
75922360,meta-llama/Llama-2-7b-chat-hf,VERY LOW,VERY LOW,VERY LOW
75894490,gpt-3.5-turbo,MEDIUM,MEDIUM,MEDIUM
75894490,meta-llama/Llama-2-7b-chat-hf,MEDIUM,MEDIUM,MEDIUM
75128735,gpt-3.5-turbo,LOW,HIGH,MEDIUM
75128735,meta-llama/Llama-2-7b-chat-hf,VERY HIGH,VERY LOW,MEDIUM
75418451,gpt-3.5-turbo,VERY HIGH,HIGH,VERY HIGH
75418451,meta-llama/Llama-2-7b-chat-hf,MEDIUM,HIGH,VERY HIGH
74787773,gpt-3.5-turbo,VERY HIGH,VERY HIGH,VERY HIGH
74787773,meta-llama/Llama-2-7b-chat-hf,VERY LOW,LOW,MEDIUM
74910981,gpt-3.5-turbo,LOW,LOW,LOW
74910981,meta-llama/Llama-2-7b-chat-hf,VERY LOW,MEDIUM,MEDIUM
75953590,gpt-3.5-turbo,HIGH,LOW,HIGH
75953590,meta-llama/Llama-2-7b-chat-hf,VERY LOW,VERY LOW,LOW
74955237,gpt-3.5-turbo,HIGH,HIGH,MEDIUM
74955237,meta-llama/Llama-2-7b-chat-hf,MEDIUM,HIGH,MEDIUM
75309327,gpt-3.5-turbo,MEDIUM,VERY HIGH,LOW
75309327,meta-llama/Llama-2-7b-chat-hf,VERY HIGH,LOW,MEDIUM
75274866,gpt-3.5-turbo,VERY HIGH,VERY HIGH,HIGH
75274866,meta-llama/Llama-2-7b-chat-hf,VERY HIGH,MEDIUM,VERY HIGH
75124044,gpt-3.5-turbo,LOW,HIGH,MEDIUM
75124044,meta-llama/Llama-2-7b-chat-hf,MEDIUM,LOW,LOW
75754152,gpt-3.5-turbo,VERY HIGH,VERY HIGH,VERY HIGH
75754152,meta-llama/Llama-2-7b-chat-hf,HIGH,HIGH,MEDIUM
75727923,gpt-3.5-turbo,MEDIUM,VERY HIGH,VERY HIGH
75727923,meta-llama/Llama-2-7b-chat-hf,MEDIUM,MEDIUM,MEDIUM
75828054,gpt-3.5-turbo,HIGH,VERY HIGH,MEDIUM
75828054,meta-llama/Llama-2-7b-chat-hf,LOW,MEDIUM,VERY LOW
76040523,gpt-3.5-turbo,MEDIUM,MEDIUM,MEDIUM
76040523,meta-llama/Llama-2-7b-chat-hf,MEDIUM,LOW,MEDIUM
74639660,gpt-3.5-turbo,MEDIUM,VERY LOW,LOW
74639660,meta-llama/Llama-2-7b-chat-hf,LOW,LOW,LOW
75361470,gpt-3.5-turbo,VERY HIGH,MEDIUM,VERY HIGH
75361470,meta-llama/Llama-2-7b-chat-hf,LOW,VERY LOW,LOW
75394657,gpt-3.5-turbo,MEDIUM,LOW,MEDIUM
75394657,meta-llama/Llama-2-7b-chat-hf,LOW,MEDIUM,LOW
75678528,gpt-3.5-turbo,VERY LOW,VERY LOW,VERY LOW
75678528,meta-llama/Llama-2-7b-chat-hf,MEDIUM,VERY LOW,VERY LOW
74792246,gpt-3.5-turbo,HIGH,MEDIUM,MEDIUM
74792246,meta-llama/Llama-2-7b-chat-hf,VERY HIGH,MEDIUM,VERY HIGH
75137675,gpt-3.5-turbo,MEDIUM,LOW,MEDIUM
75137675,meta-llama/Llama-2-7b-chat-hf,VERY LOW,VERY LOW,LOW
75676718,gpt-3.5-turbo,MEDIUM,VERY HIGH,MEDIUM
75676718,meta-llama/Llama-2-7b-chat-hf,VERY HIGH,MEDIUM,VERY HIGH
75345766,gpt-3.5-turbo,MEDIUM,MEDIUM,VERY HIGH
75345766,meta-llama/Llama-2-7b-chat-hf,VERY LOW,LOW,MEDIUM
75259576,gpt-3.5-turbo,MEDIUM,MEDIUM,HIGH
75259576,meta-llama/Llama-2-7b-chat-hf,VERY HIGH,MEDIUM,LOW
75535945,gpt-3.5-turbo,HIGH,VERY HIGH,HIGH
75535945,meta-llama/Llama-2-7b-chat-hf,HIGH,VERY HIGH,HIGH
74886135,gpt-3.5-turbo,VERY HIGH,HIGH,VERY HIGH
74886135,meta-llama/Llama-2-7b-chat-hf,VERY LOW,VERY HIGH,LOW
75412023,gpt-3.5-turbo,MEDIUM,LOW,HIGH
75412023,meta-llama/Llama-2-7b-chat-hf,MEDIUM,VERY HIGH,MEDIUM
76053426,gpt-3.5-turbo,LOW,HIGH,LOW
76053426,meta-llama/Llama-2-7b-chat-hf,MEDIUM,LOW,LOW
75477705,gpt-3.5-turbo,VERY HIGH,VERY HIGH,VERY HIGH
75477705,meta-llama/Llama-2-7b-chat-hf,HIGH,MEDIUM,HIGH
75926446,gpt-3.5-turbo,LOW,VERY HIGH,HIGH
75926446,meta-llama/Llama-2-7b-chat-hf,VERY LOW,MEDIUM,VERY HIGH
75141068,gpt-3.5-turbo,MEDIUM,VERY LOW,VERY LOW
75141068,meta-llama/Llama-2-7b-chat-hf,LOW,VERY LOW,LOW
75279839,gpt-3.5-turbo,LOW,LOW,MEDIUM
75279839,meta-llama/Llama-2-7b-chat-hf,LOW,VERY LOW,LOW
74625933,gpt-3.5-turbo,MEDIUM,HIGH,MEDIUM
74625933,meta-llama/Llama-2-7b-chat-hf,MEDIUM,MEDIUM,LOW
75888265,gpt-3.5-turbo,HIGH,HIGH,HIGH
75888265,meta-llama/Llama-2-7b-chat-hf,MEDIUM,MEDIUM,HIGH
75606592,gpt-3.5-turbo,LOW,MEDIUM,LOW
75606592,meta-llama/Llama-2-7b-chat-hf,MEDIUM,VERY LOW,VERY LOW
75767654,gpt-3.5-turbo,MEDIUM,HIGH,MEDIUM
75767654,meta-llama/Llama-2-7b-chat-hf,MEDIUM,VERY HIGH,MEDIUM
75792418,gpt-3.5-turbo,MEDIUM,MEDIUM,MEDIUM
75792418,meta-llama/Llama-2-7b-chat-hf,LOW,MEDIUM,VERY LOW
75897290,gpt-3.5-turbo,MEDIUM,MEDIUM,VERY LOW
75897290,meta-llama/Llama-2-7b-chat-hf,MEDIUM,MEDIUM,MEDIUM
75300420,gpt-3.5-turbo,HIGH,HIGH,VERY HIGH
75300420,meta-llama/Llama-2-7b-chat-hf,VERY HIGH,VERY HIGH,LOW
74903024,gpt-3.5-turbo,MEDIUM,MEDIUM,HIGH
74903024,meta-llama/Llama-2-7b-chat-hf,MEDIUM,VERY LOW,LOW
74727222,gpt-3.5-turbo,VERY HIGH,HIGH,VERY HIGH
74727222,meta-llama/Llama-2-7b-chat-hf,MEDIUM,LOW,HIGH
75594376,gpt-3.5-turbo,HIGH,MEDIUM,VERY HIGH
75594376,meta-llama/Llama-2-7b-chat-hf,LOW,VERY LOW,LOW
75779286,gpt-3.5-turbo,LOW,LOW,MEDIUM
75779286,meta-llama/Llama-2-7b-chat-hf,MEDIUM,MEDIUM,MEDIUM
75701487,gpt-3.5-turbo,MEDIUM,LOW,LOW
75701487,meta-llama/Llama-2-7b-chat-hf,MEDIUM,HIGH,HIGH
75581187,gpt-3.5-turbo,MEDIUM,HIGH,HIGH
75581187,meta-llama/Llama-2-7b-chat-hf,VERY HIGH,VERY HIGH,MEDIUM
75818472,gpt-3.5-turbo,MEDIUM,HIGH,MEDIUM
75818472,meta-llama/Llama-2-7b-chat-hf,MEDIUM,LOW,MEDIUM
75259335,gpt-3.5-turbo,HIGH,MEDIUM,MEDIUM
75259335,meta-llama/Llama-2-7b-chat-hf,LOW,VERY LOW,MEDIUM
74941125,gpt-3.5-turbo,HIGH,VERY HIGH,HIGH
74941125,meta-llama/Llama-2-7b-chat-hf,VERY HIGH,HIGH,VERY HIGH
74776494,gpt-3.5-turbo,VERY HIGH,HIGH,HIGH
74776494,meta-llama/Llama-2-7b-chat-hf,HIGH,VERY HIGH,VERY HIGH
75621833,gpt-3.5-turbo,MEDIUM,MEDIUM,MEDIUM
75621833,meta-llama/Llama-2-7b-chat-hf,HIGH,VERY LOW,HIGH
74873498,gpt-3.5-turbo,LOW,HIGH,MEDIUM
74873498,meta-llama/Llama-2-7b-chat-hf,HIGH,MEDIUM,MEDIUM
74829371,gpt-3.5-turbo,VERY HIGH,HIGH,VERY HIGH
74829371,meta-llama/Llama-2-7b-chat-hf,HIGH,VERY HIGH,VERY HIGH
74625152,gpt-3.5-turbo,MEDIUM,MEDIUM,VERY LOW
74625152,meta-llama/Llama-2-7b-chat-hf,LOW,LOW,LOW
74985752,gpt-3.5-turbo,HIGH,HIGH,VERY HIGH
74985752,meta-llama/Llama-2-7b-chat-hf,LOW,VERY HIGH,MEDIUM
75388014,gpt-3.5-turbo,MEDIUM,MEDIUM,LOW
75388014,meta-llama/Llama-2-7b-chat-hf,HIGH,MEDIUM,MEDIUM
75652520,gpt-3.5-turbo,VERY HIGH,HIGH,VERY HIGH
75652520,meta-llama/Llama-2-7b-chat-hf,LOW,HIGH,HIGH
75610201,gpt-3.5-turbo,MEDIUM,LOW,LOW
75610201,meta-llama/Llama-2-7b-chat-hf,VERY LOW,LOW,MEDIUM
75004091,gpt-3.5-turbo,VERY LOW,VERY LOW,VERY LOW
75004091,meta-llama/Llama-2-7b-chat-hf,VERY HIGH,LOW,VERY HIGH
75686934,gpt-3.5-turbo,VERY HIGH,HIGH,VERY HIGH
75686934,meta-llama/Llama-2-7b-chat-hf,HIGH,VERY HIGH,VERY HIGH
75133191,gpt-3.5-turbo,MEDIUM,VERY HIGH,MEDIUM
75133191,meta-llama/Llama-2-7b-chat-hf,VERY LOW,VERY HIGH,VERY LOW
75536237,gpt-3.5-turbo,HIGH,HIGH,MEDIUM
75536237,meta-llama/Llama-2-7b-chat-hf,VERY HIGH,HIGH,HIGH
75681460,gpt-3.5-turbo,VERY HIGH,HIGH,VERY HIGH
75681460,meta-llama/Llama-2-7b-chat-hf,MEDIUM,HIGH,HIGH
75255746,gpt-3.5-turbo,HIGH,HIGH,MEDIUM
75255746,meta-llama/Llama-2-7b-chat-hf,VERY LOW,VERY LOW,LOW
74894428,gpt-3.5-turbo,MEDIUM,LOW,VERY LOW
74894428,meta-llama/Llama-2-7b-chat-hf,VERY LOW,LOW,MEDIUM
75701352,gpt-3.5-turbo,HIGH,HIGH,VERY HIGH
75701352,meta-llama/Llama-2-7b-chat-hf,VERY LOW,LOW,MEDIUM
75355962,gpt-3.5-turbo,HIGH,VERY HIGH,VERY HIGH
75355962,meta-llama/Llama-2-7b-chat-hf,LOW,MEDIUM,MEDIUM
76046277,gpt-3.5-turbo,VERY HIGH,VERY LOW,MEDIUM
76046277,meta-llama/Llama-2-7b-chat-hf,VERY HIGH,VERY HIGH,HIGH
74958798,gpt-3.5-turbo,VERY HIGH,HIGH,VERY HIGH
74958798,meta-llama/Llama-2-7b-chat-hf,VERY HIGH,VERY HIGH,VERY HIGH
75940783,gpt-3.5-turbo,MEDIUM,VERY LOW,MEDIUM
75940783,meta-llama/Llama-2-7b-chat-hf,MEDIUM,LOW,MEDIUM
75449324,gpt-3.5-turbo,VERY HIGH,VERY LOW,LOW
75449324,meta-llama/Llama-2-7b-chat-hf,VERY LOW,LOW,LOW
74645329,gpt-3.5-turbo,HIGH,MEDIUM,MEDIUM
74645329,meta-llama/Llama-2-7b-chat-hf,VERY HIGH,VERY HIGH,VERY HIGH
75973321,gpt-3.5-turbo,LOW,VERY LOW,MEDIUM
75973321,meta-llama/Llama-2-7b-chat-hf,MEDIUM,VERY HIGH,HIGH
74952536,gpt-3.5-turbo,HIGH,HIGH,HIGH
74952536,meta-llama/Llama-2-7b-chat-hf,VERY HIGH,HIGH,MEDIUM
75491505,gpt-3.5-turbo,HIGH,HIGH,VERY HIGH
75491505,meta-llama/Llama-2-7b-chat-hf,LOW,LOW,MEDIUM
75705927,gpt-3.5-turbo,LOW,LOW,HIGH
75705927,meta-llama/Llama-2-7b-chat-hf,VERY HIGH,HIGH,HIGH
74678625,gpt-3.5-turbo,MEDIUM,LOW,VERY HIGH
74678625,meta-llama/Llama-2-7b-chat-hf,VERY LOW,LOW,MEDIUM
75442293,gpt-3.5-turbo,HIGH,MEDIUM,MEDIUM
75442293,meta-llama/Llama-2-7b-chat-hf,HIGH,HIGH,HIGH
74673173,gpt-3.5-turbo,VERY HIGH,MEDIUM,HIGH
74673173,meta-llama/Llama-2-7b-chat-hf,MEDIUM,VERY LOW,HIGH
75203685,gpt-3.5-turbo,VERY HIGH,HIGH,HIGH
75203685,meta-llama/Llama-2-7b-chat-hf,MEDIUM,LOW,VERY HIGH
74836161,gpt-3.5-turbo,MEDIUM,MEDIUM,MEDIUM
74836161,meta-llama/Llama-2-7b-chat-hf,LOW,VERY HIGH,HIGH
75499333,gpt-3.5-turbo,MEDIUM,HIGH,HIGH
75499333,meta-llama/Llama-2-7b-chat-hf,LOW,MEDIUM,LOW
75791645,gpt-3.5-turbo,HIGH,VERY LOW,HIGH
75791645,meta-llama/Llama-2-7b-chat-hf,HIGH,MEDIUM,MEDIUM
75005196,gpt-3.5-turbo,MEDIUM,MEDIUM,MEDIUM
75005196,meta-llama/Llama-2-7b-chat-hf,MEDIUM,MEDIUM,MEDIUM
75010505,gpt-3.5-turbo,VERY HIGH,VERY HIGH,VERY HIGH
75010505,meta-llama/Llama-2-7b-chat-hf,HIGH,MEDIUM,VERY HIGH
75723026,gpt-3.5-turbo,HIGH,HIGH,LOW
75723026,meta-llama/Llama-2-7b-chat-hf,LOW,VERY HIGH,HIGH
75900187,gpt-3.5-turbo,HIGH,VERY HIGH,VERY HIGH
75900187,meta-llama/Llama-2-7b-chat-hf,HIGH,VERY LOW,MEDIUM
75717363,gpt-3.5-turbo,MEDIUM,MEDIUM,VERY HIGH
75717363,meta-llama/Llama-2-7b-chat-hf,VERY HIGH,MEDIUM,VERY HIGH
75579311,gpt-3.5-turbo,VERY HIGH,VERY HIGH,VERY HIGH
75579311,meta-llama/Llama-2-7b-chat-hf,LOW,LOW,LOW
75517315,gpt-3.5-turbo,VERY HIGH,HIGH,MEDIUM
75517315,meta-llama/Llama-2-7b-chat-hf,HIGH,VERY LOW,VERY HIGH
75717664,gpt-3.5-turbo,MEDIUM,MEDIUM,MEDIUM
75717664,meta-llama/Llama-2-7b-chat-hf,MEDIUM,MEDIUM,MEDIUM
74971911,gpt-3.5-turbo,VERY HIGH,HIGH,VERY HIGH
74971911,meta-llama/Llama-2-7b-chat-hf,MEDIUM,HIGH,MEDIUM
75441608,gpt-3.5-turbo,HIGH,HIGH,MEDIUM
75441608,meta-llama/Llama-2-7b-chat-hf,MEDIUM,MEDIUM,MEDIUM
74758047,gpt-3.5-turbo,VERY HIGH,MEDIUM,VERY HIGH
74758047,meta-llama/Llama-2-7b-chat-hf,LOW,LOW,MEDIUM
75233987,gpt-3.5-turbo,LOW,MEDIUM,VERY HIGH
75233987,meta-llama/Llama-2-7b-chat-hf,VERY HIGH,VERY LOW,LOW
76037084,gpt-3.5-turbo,MEDIUM,HIGH,MEDIUM
76037084,meta-llama/Llama-2-7b-chat-hf,MEDIUM,VERY HIGH,MEDIUM
74691834,gpt-3.5-turbo,HIGH,HIGH,VERY HIGH
74691834,meta-llama/Llama-2-7b-chat-hf,VERY HIGH,MEDIUM,MEDIUM
75920221,gpt-3.5-turbo,VERY HIGH,VERY HIGH,HIGH
75920221,meta-llama/Llama-2-7b-chat-hf,VERY HIGH,VERY HIGH,VERY HIGH
75056900,gpt-3.5-turbo,VERY HIGH,VERY HIGH,MEDIUM
75056900,meta-llama/Llama-2-7b-chat-hf,LOW,VERY LOW,MEDIUM
75689998,gpt-3.5-turbo,VERY HIGH,LOW,MEDIUM
75689998,meta-llama/Llama-2-7b-chat-hf,VERY HIGH,MEDIUM,LOW
75221294,gpt-3.5-turbo,LOW,MEDIUM,LOW
75221294,meta-llama/Llama-2-7b-chat-hf,MEDIUM,MEDIUM,LOW
74729692,gpt-3.5-turbo,MEDIUM,MEDIUM,VERY HIGH
74729692,meta-llama/Llama-2-7b-chat-hf,LOW,VERY LOW,VERY LOW
76034504,gpt-3.5-turbo,HIGH,MEDIUM,LOW
76034504,meta-llama/Llama-2-7b-chat-hf,VERY HIGH,VERY HIGH,VERY HIGH
75211654,gpt-3.5-turbo,MEDIUM,VERY LOW,LOW
75211654,meta-llama/Llama-2-7b-chat-hf,MEDIUM,MEDIUM,MEDIUM
74962116,gpt-3.5-turbo,HIGH,HIGH,LOW
74962116,meta-llama/Llama-2-7b-chat-hf,HIGH,VERY LOW,LOW
74717107,gpt-3.5-turbo,MEDIUM,LOW,MEDIUM
74717107,meta-llama/Llama-2-7b-chat-hf,MEDIUM,HIGH,HIGH
75974000,gpt-3.5-turbo,VERY HIGH,LOW,HIGH
75974000,meta-llama/Llama-2-7b-chat-hf,LOW,LOW,VERY HIGH
75298311,gpt-3.5-turbo,HIGH,MEDIUM,VERY HIGH
75298311,meta-llama/Llama-2-7b-chat-hf,HIGH,LOW,MEDIUM
75037519,gpt-3.5-turbo,VERY HIGH,VERY HIGH,HIGH
75037519,meta-llama/Llama-2-7b-chat-hf,LOW,MEDIUM,HIGH
74929519,gpt-3.5-turbo,HIGH,VERY HIGH,VERY HIGH
74929519,meta-llama/Llama-2-7b-chat-hf,VERY HIGH,VERY HIGH,HIGH
74622976,gpt-3.5-turbo,VERY HIGH,VERY HIGH,MEDIUM
74622976,meta-llama/Llama-2-7b-chat-hf,VERY LOW,LOW,MEDIUM
75114654,gpt-3.5-turbo,LOW,MEDIUM,MEDIUM
75114654,meta-llama/Llama-2-7b-chat-hf,MEDIUM,MEDIUM,HIGH
75854182,gpt-3.5-turbo,HIGH,MEDIUM,VERY LOW
75854182,meta-llama/Llama-2-7b-chat-hf,LOW,VERY HIGH,MEDIUM
75093391,gpt-3.5-turbo,MEDIUM,MEDIUM,MEDIUM
75093391,meta-llama/Llama-2-7b-chat-hf,MEDIUM,VERY HIGH,VERY HIGH
75193954,gpt-3.5-turbo,VERY HIGH,VERY HIGH,HIGH
75193954,meta-llama/Llama-2-7b-chat-hf,VERY HIGH,LOW,MEDIUM
75389612,gpt-3.5-turbo,VERY HIGH,VERY HIGH,HIGH
75389612,meta-llama/Llama-2-7b-chat-hf,VERY HIGH,HIGH,MEDIUM
75802587,gpt-3.5-turbo,LOW,MEDIUM,LOW
75802587,meta-llama/Llama-2-7b-chat-hf,LOW,MEDIUM,LOW
75258460,gpt-3.5-turbo,LOW,LOW,LOW
75258460,meta-llama/Llama-2-7b-chat-hf,LOW,LOW,VERY LOW
75323021,gpt-3.5-turbo,VERY HIGH,VERY HIGH,MEDIUM
75323021,meta-llama/Llama-2-7b-chat-hf,VERY HIGH,LOW,MEDIUM
75617550,gpt-3.5-turbo,HIGH,HIGH,MEDIUM
75617550,meta-llama/Llama-2-7b-chat-hf,MEDIUM,VERY HIGH,HIGH
75150846,gpt-3.5-turbo,VERY HIGH,MEDIUM,VERY HIGH
75150846,meta-llama/Llama-2-7b-chat-hf,VERY HIGH,VERY HIGH,MEDIUM
74934470,gpt-3.5-turbo,HIGH,VERY HIGH,HIGH
74934470,meta-llama/Llama-2-7b-chat-hf,VERY HIGH,HIGH,LOW
75579392,gpt-3.5-turbo,HIGH,MEDIUM,HIGH
75579392,meta-llama/Llama-2-7b-chat-hf,VERY LOW,HIGH,LOW
75155658,gpt-3.5-turbo,LOW,LOW,MEDIUM
75155658,meta-llama/Llama-2-7b-chat-hf,LOW,MEDIUM,LOW
75312392,gpt-3.5-turbo,MEDIUM,HIGH,HIGH
75312392,meta-llama/Llama-2-7b-chat-hf,LOW,LOW,LOW
75459074,gpt-3.5-turbo,MEDIUM,MEDIUM,LOW
75459074,meta-llama/Llama-2-7b-chat-hf,HIGH,HIGH,VERY HIGH
74743227,gpt-3.5-turbo,MEDIUM,LOW,LOW
74743227,meta-llama/Llama-2-7b-chat-hf,MEDIUM,MEDIUM,MEDIUM
75307309,gpt-3.5-turbo,HIGH,MEDIUM,MEDIUM
75307309,meta-llama/Llama-2-7b-chat-hf,VERY HIGH,MEDIUM,HIGH
75410394,gpt-3.5-turbo,LOW,MEDIUM,VERY HIGH
75410394,meta-llama/Llama-2-7b-chat-hf,MEDIUM,MEDIUM,MEDIUM
75085893,gpt-3.5-turbo,MEDIUM,MEDIUM,VERY HIGH
75085893,meta-llama/Llama-2-7b-chat-hf,VERY HIGH,VERY HIGH,LOW
75434793,gpt-3.5-turbo,HIGH,HIGH,HIGH
75434793,meta-llama/Llama-2-7b-chat-hf,VERY HIGH,VERY HIGH,HIGH
75778261,gpt-3.5-turbo,LOW,LOW,LOW
75778261,meta-llama/Llama-2-7b-chat-hf,MEDIUM,MEDIUM,LOW
74677143,gpt-3.5-turbo,MEDIUM,MEDIUM,MEDIUM
74677143,meta-llama/Llama-2-7b-chat-hf,LOW,LOW,MEDIUM
75993119,gpt-3.5-turbo,HIGH,MEDIUM,MEDIUM
75993119,meta-llama/Llama-2-7b-chat-hf,VERY LOW,VERY LOW,MEDIUM
74773637,gpt-3.5-turbo,LOW,MEDIUM,LOW
74773637,meta-llama/Llama-2-7b-chat-hf,HIGH,LOW,HIGH
74624685,gpt-3.5-turbo,MEDIUM,HIGH,LOW
74624685,meta-llama/Llama-2-7b-chat-hf,MEDIUM,MEDIUM,HIGH
76011691,gpt-3.5-turbo,VERY HIGH,HIGH,HIGH
76011691,meta-llama/Llama-2-7b-chat-hf,VERY HIGH,HIGH,VERY HIGH
75340300,gpt-3.5-turbo,LOW,HIGH,HIGH
75340300,meta-llama/Llama-2-7b-chat-hf,MEDIUM,HIGH,LOW
75534461,gpt-3.5-turbo,HIGH,MEDIUM,MEDIUM
75534461,meta-llama/Llama-2-7b-chat-hf,MEDIUM,LOW,VERY HIGH
75220574,gpt-3.5-turbo,HIGH,MEDIUM,VERY HIGH
75220574,meta-llama/Llama-2-7b-chat-hf,MEDIUM,VERY HIGH,LOW
75149224,gpt-3.5-turbo,HIGH,HIGH,HIGH
75149224,meta-llama/Llama-2-7b-chat-hf,LOW,LOW,MEDIUM
75526159,gpt-3.5-turbo,HIGH,LOW,VERY HIGH
75526159,meta-llama/Llama-2-7b-chat-hf,VERY HIGH,HIGH,VERY HIGH
75448140,gpt-3.5-turbo,MEDIUM,LOW,VERY LOW
75448140,meta-llama/Llama-2-7b-chat-hf,LOW,VERY LOW,LOW
75074930,gpt-3.5-turbo,MEDIUM,VERY HIGH,LOW
75074930,meta-llama/Llama-2-7b-chat-hf,HIGH,MEDIUM,HIGH
75176482,gpt-3.5-turbo,MEDIUM,HIGH,VERY HIGH
75176482,meta-llama/Llama-2-7b-chat-hf,MEDIUM,LOW,VERY LOW
74857640,gpt-3.5-turbo,MEDIUM,MEDIUM,MEDIUM
74857640,meta-llama/Llama-2-7b-chat-hf,VERY LOW,VERY LOW,LOW
74999834,gpt-3.5-turbo,LOW,VERY HIGH,MEDIUM
74999834,meta-llama/Llama-2-7b-chat-hf,MEDIUM,HIGH,LOW
74994173,gpt-3.5-turbo,MEDIUM,LOW,MEDIUM
74994173,meta-llama/Llama-2-7b-chat-hf,MEDIUM,MEDIUM,MEDIUM
74960462,gpt-3.5-turbo,VERY HIGH,HIGH,HIGH
74960462,meta-llama/Llama-2-7b-chat-hf,VERY HIGH,MEDIUM,HIGH
75445007,gpt-3.5-turbo,VERY HIGH,HIGH,VERY HIGH
75445007,meta-llama/Llama-2-7b-chat-hf,HIGH,MEDIUM,VERY HIGH
75412792,gpt-3.5-turbo,LOW,LOW,VERY HIGH
75412792,meta-llama/Llama-2-7b-chat-hf,VERY HIGH,VERY HIGH,MEDIUM
75314123,gpt-3.5-turbo,VERY HIGH,MEDIUM,VERY HIGH
75314123,meta-llama/Llama-2-7b-chat-hf,MEDIUM,MEDIUM,MEDIUM
74866512,gpt-3.5-turbo,MEDIUM,MEDIUM,LOW
74866512,meta-llama/Llama-2-7b-chat-hf,LOW,MEDIUM,LOW
75045986,gpt-3.5-turbo,MEDIUM,MEDIUM,VERY HIGH
75045986,meta-llama/Llama-2-7b-chat-hf,MEDIUM,MEDIUM,LOW
75666984,gpt-3.5-turbo,HIGH,VERY HIGH,LOW
75666984,meta-llama/Llama-2-7b-chat-hf,HIGH,LOW,HIGH
75132488,gpt-3.5-turbo,VERY HIGH,LOW,MEDIUM
75132488,meta-llama/Llama-2-7b-chat-hf,MEDIUM,VERY HIGH,MEDIUM
74765010,gpt-3.5-turbo,MEDIUM,HIGH,VERY HIGH
74765010,meta-llama/Llama-2-7b-chat-hf,MEDIUM,VERY HIGH,LOW
75802832,gpt-3.5-turbo,VERY HIGH,VERY HIGH,VERY HIGH
75802832,meta-llama/Llama-2-7b-chat-hf,HIGH,HIGH,HIGH
75299402,gpt-3.5-turbo,VERY LOW,VERY LOW,LOW
75299402,meta-llama/Llama-2-7b-chat-hf,VERY LOW,MEDIUM,MEDIUM
74811238,gpt-3.5-turbo,MEDIUM,LOW,VERY LOW
74811238,meta-llama/Llama-2-7b-chat-hf,LOW,VERY LOW,LOW
76048911,gpt-3.5-turbo,MEDIUM,VERY HIGH,HIGH
76048911,meta-llama/Llama-2-7b-chat-hf,VERY LOW,MEDIUM,LOW
75335522,gpt-3.5-turbo,VERY HIGH,VERY HIGH,MEDIUM
75335522,meta-llama/Llama-2-7b-chat-hf,MEDIUM,LOW,MEDIUM
74621685,gpt-3.5-turbo,MEDIUM,HIGH,VERY HIGH
74621685,meta-llama/Llama-2-7b-chat-hf,HIGH,LOW,MEDIUM
75439576,gpt-3.5-turbo,MEDIUM,HIGH,HIGH
75439576,meta-llama/Llama-2-7b-chat-hf,LOW,HIGH,LOW
75449068,gpt-3.5-turbo,MEDIUM,VERY HIGH,MEDIUM
75449068,meta-llama/Llama-2-7b-chat-hf,MEDIUM,VERY HIGH,HIGH
75412883,gpt-3.5-turbo,LOW,LOW,LOW
75412883,meta-llama/Llama-2-7b-chat-hf,LOW,HIGH,VERY HIGH
75363507,gpt-3.5-turbo,HIGH,MEDIUM,LOW
75363507,meta-llama/Llama-2-7b-chat-hf,MEDIUM,HIGH,VERY HIGH
75679966,gpt-3.5-turbo,LOW,MEDIUM,MEDIUM
75679966,meta-llama/Llama-2-7b-chat-hf,MEDIUM,MEDIUM,MEDIUM
74934504,gpt-3.5-turbo,MEDIUM,MEDIUM,LOW
74934504,meta-llama/Llama-2-7b-chat-hf,VERY LOW,LOW,VERY LOW
75095945,gpt-3.5-turbo,HIGH,HIGH,MEDIUM
75095945,meta-llama/Llama-2-7b-chat-hf,HIGH,MEDIUM,MEDIUM
75852462,gpt-3.5-turbo,VERY HIGH,HIGH,VERY HIGH
75852462,meta-llama/Llama-2-7b-chat-hf,HIGH,VERY LOW,LOW
74777076,gpt-3.5-turbo,MEDIUM,VERY HIGH,MEDIUM
74777076,meta-llama/Llama-2-7b-chat-hf,HIGH,HIGH,LOW
74795206,gpt-3.5-turbo,HIGH,LOW,HIGH
74795206,meta-llama/Llama-2-7b-chat-hf,VERY HIGH,VERY HIGH,VERY HIGH
75604275,gpt-3.5-turbo,HIGH,VERY HIGH,VERY HIGH
75604275,meta-llama/Llama-2-7b-chat-hf,HIGH,VERY HIGH,HIGH
75768912,gpt-3.5-turbo,LOW,VERY LOW,LOW
75768912,meta-llama/Llama-2-7b-chat-hf,HIGH,MEDIUM,MEDIUM
75980105,gpt-3.5-turbo,VERY HIGH,HIGH,MEDIUM
75980105,meta-llama/Llama-2-7b-chat-hf,MEDIUM,MEDIUM,VERY LOW
74933094,gpt-3.5-turbo,LOW,MEDIUM,MEDIUM
74933094,meta-llama/Llama-2-7b-chat-hf,MEDIUM,MEDIUM,MEDIUM
75058127,gpt-3.5-turbo,MEDIUM,MEDIUM,VERY HIGH
75058127,meta-llama/Llama-2-7b-chat-hf,MEDIUM,HIGH,VERY HIGH
75380288,gpt-3.5-turbo,MEDIUM,VERY HIGH,MEDIUM
75380288,meta-llama/Llama-2-7b-chat-hf,LOW,HIGH,MEDIUM
74935947,gpt-3.5-turbo,VERY LOW,VERY HIGH,VERY HIGH
74935947,meta-llama/Llama-2-7b-chat-hf,HIGH,MEDIUM,MEDIUM
75385779,gpt-3.5-turbo,HIGH,MEDIUM,MEDIUM
75385779,meta-llama/Llama-2-7b-chat-hf,MEDIUM,MEDIUM,LOW
74753176,gpt-3.5-turbo,HIGH,LOW,VERY HIGH
74753176,meta-llama/Llama-2-7b-chat-hf,MEDIUM,LOW,VERY LOW
75642280,gpt-3.5-turbo,VERY HIGH,VERY HIGH,VERY HIGH
75642280,meta-llama/Llama-2-7b-chat-hf,MEDIUM,MEDIUM,HIGH
75354216,gpt-3.5-turbo,VERY HIGH,HIGH,HIGH
75354216,meta-llama/Llama-2-7b-chat-hf,MEDIUM,HIGH,MEDIUM
75035488,gpt-3.5-turbo,LOW,LOW,VERY LOW
75035488,meta-llama/Llama-2-7b-chat-hf,VERY LOW,LOW,MEDIUM
75463207,gpt-3.5-turbo,VERY HIGH,HIGH,VERY HIGH
75463207,meta-llama/Llama-2-7b-chat-hf,VERY HIGH,MEDIUM,LOW
75210719,gpt-3.5-turbo,LOW,LOW,HIGH
75210719,meta-llama/Llama-2-7b-chat-hf,HIGH,VERY HIGH,LOW
75785613,gpt-3.5-turbo,VERY HIGH,MEDIUM,MEDIUM
75785613,meta-llama/Llama-2-7b-chat-hf,MEDIUM,VERY HIGH,VERY HIGH
75948146,gpt-3.5-turbo,LOW,MEDIUM,LOW
75948146,meta-llama/Llama-2-7b-chat-hf,VERY LOW,MEDIUM,VERY HIGH
75698936,gpt-3.5-turbo,HIGH,MEDIUM,LOW
75698936,meta-llama/Llama-2-7b-chat-hf,LOW,VERY LOW,MEDIUM
75056287,gpt-3.5-turbo,VERY HIGH,VERY HIGH,HIGH
75056287,meta-llama/Llama-2-7b-chat-hf,MEDIUM,LOW,LOW
74768073,gpt-3.5-turbo,LOW,HIGH,MEDIUM
74768073,meta-llama/Llama-2-7b-chat-hf,HIGH,HIGH,HIGH
75090788,gpt-3.5-turbo,HIGH,VERY HIGH,HIGH
75090788,meta-llama/Llama-2-7b-chat-hf,VERY HIGH,HIGH,HIGH
75428138,gpt-3.5-turbo,MEDIUM,VERY HIGH,VERY HIGH
75428138,meta-llama/Llama-2-7b-chat-hf,MEDIUM,VERY HIGH,MEDIUM
75259064,gpt-3.5-turbo,VERY LOW,MEDIUM,MEDIUM
75259064,meta-llama/Llama-2-7b-chat-hf,MEDIUM,MEDIUM,LOW
75406341,gpt-3.5-turbo,HIGH,VERY HIGH,MEDIUM
75406341,meta-llama/Llama-2-7b-chat-hf,MEDIUM,VERY HIGH,MEDIUM
76004983,gpt-3.5-turbo,LOW,LOW,VERY LOW
76004983,meta-llama/Llama-2-7b-chat-hf,LOW,MEDIUM,LOW
75089553,gpt-3.5-turbo,VERY LOW,HIGH,VERY LOW
75089553,meta-llama/Llama-2-7b-chat-hf,LOW,LOW,VERY HIGH
75650611,gpt-3.5-turbo,VERY HIGH,HIGH,VERY HIGH
75650611,meta-llama/Llama-2-7b-chat-hf,HIGH,MEDIUM,LOW
74713371,gpt-3.5-turbo,HIGH,VERY HIGH,LOW
74713371,meta-llama/Llama-2-7b-chat-hf,VERY HIGH,VERY HIGH,VERY HIGH
75627568,gpt-3.5-turbo,MEDIUM,MEDIUM,HIGH
75627568,meta-llama/Llama-2-7b-chat-hf,MEDIUM,VERY LOW,LOW
74746284,gpt-3.5-turbo,VERY LOW,VERY LOW,VERY LOW
74746284,meta-llama/Llama-2-7b-chat-hf,LOW,LOW,VERY LOW
76071743,gpt-3.5-turbo,LOW,LOW,MEDIUM
76071743,meta-llama/Llama-2-7b-chat-hf,HIGH,LOW,MEDIUM
75726570,gpt-3.5-turbo,VERY HIGH,LOW,VERY LOW
75726570,meta-llama/Llama-2-7b-chat-hf,VERY HIGH,MEDIUM,VERY LOW
74864399,gpt-3.5-turbo,VERY HIGH,HIGH,MEDIUM
74864399,meta-llama/Llama-2-7b-chat-hf,MEDIUM,MEDIUM,MEDIUM
75056105,gpt-3.5-turbo,HIGH,LOW,HIGH
75056105,meta-llama/Llama-2-7b-chat-hf,MEDIUM,LOW,LOW
75188688,gpt-3.5-turbo,MEDIUM,LOW,LOW
75188688,meta-llama/Llama-2-7b-chat-hf,VERY LOW,LOW,VERY LOW
75040685,gpt-3.5-turbo,VERY HIGH,MEDIUM,HIGH
75040685,meta-llama/Llama-2-7b-chat-hf,LOW,VERY LOW,LOW
74991186,gpt-3.5-turbo,LOW,LOW,LOW
74991186,meta-llama/Llama-2-7b-chat-hf,MEDIUM,VERY LOW,MEDIUM
74731934,gpt-3.5-turbo,VERY HIGH,MEDIUM,VERY HIGH
74731934,meta-llama/Llama-2-7b-chat-hf,VERY HIGH,VERY LOW,MEDIUM
74825007,gpt-3.5-turbo,VERY HIGH,MEDIUM,MEDIUM
74825007,meta-llama/Llama-2-7b-chat-hf,MEDIUM,VERY HIGH,HIGH
74905593,gpt-3.5-turbo,HIGH,MEDIUM,MEDIUM
74905593,meta-llama/Llama-2-7b-chat-hf,MEDIUM,HIGH,MEDIUM
75438995,gpt-3.5-turbo,HIGH,HIGH,HIGH
75438995,meta-llama/Llama-2-7b-chat-hf,MEDIUM,HIGH,VERY HIGH
76021384,gpt-3.5-turbo,VERY HIGH,LOW,VERY HIGH
76021384,meta-llama/Llama-2-7b-chat-hf,VERY HIGH,LOW,VERY HIGH
75390841,gpt-3.5-turbo,LOW,MEDIUM,MEDIUM
75390841,meta-llama/Llama-2-7b-chat-hf,LOW,VERY LOW,MEDIUM
74877491,gpt-3.5-turbo,VERY HIGH,VERY HIGH,HIGH
74877491,meta-llama/Llama-2-7b-chat-hf,MEDIUM,MEDIUM,VERY LOW
75950803,gpt-3.5-turbo,VERY LOW,LOW,VERY LOW
75950803,meta-llama/Llama-2-7b-chat-hf,LOW,LOW,MEDIUM
75461439,gpt-3.5-turbo,LOW,VERY LOW,HIGH
75461439,meta-llama/Llama-2-7b-chat-hf,VERY HIGH,LOW,MEDIUM
75080882,gpt-3.5-turbo,HIGH,LOW,MEDIUM
75080882,meta-llama/Llama-2-7b-chat-hf,MEDIUM,MEDIUM,MEDIUM
75185409,gpt-3.5-turbo,VERY HIGH,VERY LOW,VERY HIGH
75185409,meta-llama/Llama-2-7b-chat-hf,VERY HIGH,VERY HIGH,LOW
75374281,gpt-3.5-turbo,LOW,LOW,VERY HIGH
75374281,meta-llama/Llama-2-7b-chat-hf,MEDIUM,MEDIUM,LOW
75881502,gpt-3.5-turbo,VERY HIGH,MEDIUM,VERY HIGH
75881502,meta-llama/Llama-2-7b-chat-hf,VERY HIGH,MEDIUM,HIGH
74976717,gpt-3.5-turbo,VERY HIGH,MEDIUM,HIGH
74976717,meta-llama/Llama-2-7b-chat-hf,MEDIUM,VERY HIGH,LOW
75184994,gpt-3.5-turbo,MEDIUM,MEDIUM,HIGH
75184994,meta-llama/Llama-2-7b-chat-hf,HIGH,HIGH,MEDIUM
74776471,gpt-3.5-turbo,LOW,HIGH,MEDIUM
74776471,meta-llama/Llama-2-7b-chat-hf,VERY LOW,LOW,VERY LOW
74916407,gpt-3.5-turbo,MEDIUM,LOW,MEDIUM
74916407,meta-llama/Llama-2-7b-chat-hf,MEDIUM,MEDIUM,MEDIUM
76066060,gpt-3.5-turbo,MEDIUM,VERY HIGH,HIGH
76066060,meta-llama/Llama-2-7b-chat-hf,HIGH,HIGH,HIGH
75318474,gpt-3.5-turbo,LOW,HIGH,MEDIUM
75318474,meta-llama/Llama-2-7b-chat-hf,HIGH,LOW,LOW
75204334,gpt-3.5-turbo,HIGH,MEDIUM,MEDIUM
75204334,meta-llama/Llama-2-7b-chat-hf,VERY LOW,VERY LOW,VERY LOW
74997974,meta-llama/Llama-2-7b-chat-hf,MEDIUM,LOW,MEDIUM
74997974,gpt-3.5-turbo,VERY LOW,MEDIUM,LOW
75205360,meta-llama/Llama-2-7b-chat-hf,MEDIUM,VERY HIGH,VERY HIGH
75205360,gpt-3.5-turbo,HIGH,VERY HIGH,VERY HIGH
75083235,meta-llama/Llama-2-7b-chat-hf,MEDIUM,HIGH,VERY HIGH
75083235,gpt-3.5-turbo,MEDIUM,MEDIUM,HIGH
75549944,gpt-3.5-turbo,MEDIUM,MEDIUM,LOW
75549944,meta-llama/Llama-2-7b-chat-hf,VERY LOW,VERY HIGH,MEDIUM
75763820,meta-llama/Llama-2-7b-chat-hf,VERY LOW,MEDIUM,LOW
75763820,gpt-3.5-turbo,HIGH,VERY HIGH,MEDIUM
75205665,meta-llama/Llama-2-7b-chat-hf,LOW,LOW,VERY HIGH
75205665,gpt-3.5-turbo,HIGH,MEDIUM,MEDIUM
76009085,meta-llama/Llama-2-7b-chat-hf,MEDIUM,LOW,MEDIUM
76009085,gpt-3.5-turbo,MEDIUM,HIGH,MEDIUM
75999602,meta-llama/Llama-2-7b-chat-hf,LOW,MEDIUM,LOW
75999602,gpt-3.5-turbo,LOW,LOW,VERY HIGH
74912847,meta-llama/Llama-2-7b-chat-hf,LOW,LOW,VERY LOW
74912847,gpt-3.5-turbo,HIGH,MEDIUM,LOW
75196037,meta-llama/Llama-2-7b-chat-hf,LOW,VERY LOW,MEDIUM
75196037,gpt-3.5-turbo,HIGH,VERY HIGH,VERY HIGH
75003993,meta-llama/Llama-2-7b-chat-hf,LOW,LOW,VERY LOW
75003993,gpt-3.5-turbo,LOW,VERY HIGH,HIGH
74871587,meta-llama/Llama-2-7b-chat-hf,LOW,MEDIUM,VERY HIGH
74871587,gpt-3.5-turbo,MEDIUM,HIGH,MEDIUM
74652347,meta-llama/Llama-2-7b-chat-hf,LOW,MEDIUM,VERY LOW
74652347,gpt-3.5-turbo,MEDIUM,VERY HIGH,HIGH
75827366,meta-llama/Llama-2-7b-chat-hf,VERY LOW,VERY LOW,VERY LOW
75827366,gpt-3.5-turbo,VERY HIGH,HIGH,MEDIUM
75555522,gpt-3.5-turbo,VERY LOW,LOW,VERY LOW
75555522,meta-llama/Llama-2-7b-chat-hf,MEDIUM,VERY HIGH,LOW
75056149,meta-llama/Llama-2-7b-chat-hf,VERY LOW,VERY LOW,MEDIUM
75056149,gpt-3.5-turbo,MEDIUM,LOW,MEDIUM
75257103,meta-llama/Llama-2-7b-chat-hf,LOW,VERY LOW,MEDIUM
75257103,gpt-3.5-turbo,VERY HIGH,MEDIUM,MEDIUM
74670948,meta-llama/Llama-2-7b-chat-hf,HIGH,VERY HIGH,HIGH
74670948,gpt-3.5-turbo,HIGH,LOW,LOW
74778945,meta-llama/Llama-2-7b-chat-hf,MEDIUM,LOW,VERY LOW
74778945,gpt-3.5-turbo,VERY HIGH,LOW,LOW
74807729,meta-llama/Llama-2-7b-chat-hf,MEDIUM,LOW,MEDIUM
74807729,gpt-3.5-turbo,LOW,VERY LOW,VERY LOW
75416375,meta-llama/Llama-2-7b-chat-hf,VERY LOW,LOW,MEDIUM
75416375,gpt-3.5-turbo,VERY HIGH,VERY HIGH,VERY HIGH
75762757,meta-llama/Llama-2-7b-chat-hf,VERY HIGH,VERY HIGH,VERY HIGH
75762757,gpt-3.5-turbo,HIGH,HIGH,VERY HIGH
75238728,meta-llama/Llama-2-7b-chat-hf,VERY HIGH,MEDIUM,MEDIUM
75238728,gpt-3.5-turbo,MEDIUM,MEDIUM,HIGH
74794400,meta-llama/Llama-2-7b-chat-hf,MEDIUM,MEDIUM,HIGH
74794400,gpt-3.5-turbo,VERY HIGH,MEDIUM,VERY HIGH
75764309,meta-llama/Llama-2-7b-chat-hf,HIGH,VERY HIGH,LOW
75764309,gpt-3.5-turbo,HIGH,HIGH,VERY HIGH
75619912,gpt-3.5-turbo,MEDIUM,HIGH,LOW
75619912,meta-llama/Llama-2-7b-chat-hf,HIGH,MEDIUM,VERY HIGH
75815092,meta-llama/Llama-2-7b-chat-hf,MEDIUM,MEDIUM,MEDIUM
75815092,gpt-3.5-turbo,HIGH,MEDIUM,HIGH
75514021,meta-llama/Llama-2-7b-chat-hf,VERY HIGH,VERY LOW,VERY HIGH
75514021,gpt-3.5-turbo,VERY HIGH,HIGH,VERY HIGH
76009718,meta-llama/Llama-2-7b-chat-hf,MEDIUM,LOW,HIGH
76009718,gpt-3.5-turbo,VERY LOW,MEDIUM,LOW
74743835,meta-llama/Llama-2-7b-chat-hf,MEDIUM,MEDIUM,HIGH
74743835,gpt-3.5-turbo,VERY HIGH,HIGH,VERY HIGH
75383462,meta-llama/Llama-2-7b-chat-hf,HIGH,VERY HIGH,LOW
75383462,gpt-3.5-turbo,MEDIUM,HIGH,VERY HIGH
74910014,meta-llama/Llama-2-7b-chat-hf,LOW,VERY HIGH,MEDIUM
74910014,gpt-3.5-turbo,HIGH,MEDIUM,VERY HIGH
74776364,meta-llama/Llama-2-7b-chat-hf,MEDIUM,VERY HIGH,VERY HIGH
74776364,gpt-3.5-turbo,HIGH,VERY HIGH,VERY HIGH
75052561,meta-llama/Llama-2-7b-chat-hf,MEDIUM,VERY HIGH,HIGH
75052561,gpt-3.5-turbo,MEDIUM,VERY HIGH,VERY HIGH
74930743,meta-llama/Llama-2-7b-chat-hf,HIGH,VERY LOW,HIGH
74930743,gpt-3.5-turbo,VERY HIGH,HIGH,HIGH
75194484,gpt-3.5-turbo,MEDIUM,VERY HIGH,HIGH
75194484,meta-llama/Llama-2-7b-chat-hf,HIGH,MEDIUM,HIGH
75723462,meta-llama/Llama-2-7b-chat-hf,VERY LOW,VERY LOW,LOW
75723462,gpt-3.5-turbo,VERY HIGH,VERY HIGH,LOW
75344215,meta-llama/Llama-2-7b-chat-hf,MEDIUM,MEDIUM,MEDIUM
75344215,gpt-3.5-turbo,MEDIUM,MEDIUM,MEDIUM
75187395,meta-llama/Llama-2-7b-chat-hf,LOW,HIGH,MEDIUM
75187395,gpt-3.5-turbo,LOW,LOW,LOW
75699798,meta-llama/Llama-2-7b-chat-hf,MEDIUM,MEDIUM,VERY HIGH
75699798,gpt-3.5-turbo,LOW,MEDIUM,MEDIUM
75610549,meta-llama/Llama-2-7b-chat-hf,MEDIUM,VERY HIGH,LOW
75610549,gpt-3.5-turbo,HIGH,VERY HIGH,VERY LOW
75621990,meta-llama/Llama-2-7b-chat-hf,MEDIUM,MEDIUM,VERY HIGH
75621990,gpt-3.5-turbo,VERY HIGH,VERY HIGH,VERY HIGH
75648158,meta-llama/Llama-2-7b-chat-hf,MEDIUM,LOW,VERY LOW
75648158,gpt-3.5-turbo,HIGH,VERY HIGH,LOW
75552848,meta-llama/Llama-2-7b-chat-hf,MEDIUM,VERY LOW,MEDIUM
75552848,gpt-3.5-turbo,HIGH,HIGH,HIGH
75392538,meta-llama/Llama-2-7b-chat-hf,VERY LOW,LOW,HIGH
75392538,gpt-3.5-turbo,LOW,MEDIUM,MEDIUM
75694420,meta-llama/Llama-2-7b-chat-hf,VERY HIGH,HIGH,VERY HIGH
75694420,gpt-3.5-turbo,VERY HIGH,VERY HIGH,MEDIUM
75377287,meta-llama/Llama-2-7b-chat-hf,VERY LOW,VERY LOW,LOW
75377287,gpt-3.5-turbo,LOW,VERY LOW,LOW
76082047,gpt-3.5-turbo,MEDIUM,VERY HIGH,LOW
76082047,meta-llama/Llama-2-7b-chat-hf,HIGH,LOW,LOW
74659206,meta-llama/Llama-2-7b-chat-hf,VERY HIGH,HIGH,VERY HIGH
74659206,gpt-3.5-turbo,VERY HIGH,HIGH,HIGH
74698926,meta-llama/Llama-2-7b-chat-hf,HIGH,VERY HIGH,HIGH
74698926,gpt-3.5-turbo,HIGH,VERY HIGH,HIGH
75978976,meta-llama/Llama-2-7b-chat-hf,HIGH,LOW,MEDIUM
75978976,gpt-3.5-turbo,LOW,LOW,MEDIUM
75585439,meta-llama/Llama-2-7b-chat-hf,HIGH,VERY HIGH,VERY HIGH
75585439,gpt-3.5-turbo,HIGH,HIGH,HIGH
74661098,meta-llama/Llama-2-7b-chat-hf,VERY HIGH,MEDIUM,LOW
74661098,gpt-3.5-turbo,HIGH,LOW,LOW
75915685,meta-llama/Llama-2-7b-chat-hf,MEDIUM,LOW,LOW
75915685,gpt-3.5-turbo,LOW,MEDIUM,MEDIUM
76028371,meta-llama/Llama-2-7b-chat-hf,HIGH,VERY HIGH,VERY HIGH
76028371,gpt-3.5-turbo,LOW,VERY HIGH,VERY HIGH
75130798,meta-llama/Llama-2-7b-chat-hf,VERY HIGH,VERY HIGH,MEDIUM
75130798,gpt-3.5-turbo,HIGH,VERY HIGH,LOW
75409618,meta-llama/Llama-2-7b-chat-hf,MEDIUM,VERY HIGH,MEDIUM
75409618,gpt-3.5-turbo,HIGH,MEDIUM,VERY HIGH
74708210,meta-llama/Llama-2-7b-chat-hf,MEDIUM,MEDIUM,LOW
74708210,gpt-3.5-turbo,HIGH,MEDIUM,VERY HIGH
75801284,gpt-3.5-turbo,MEDIUM,MEDIUM,MEDIUM
75801284,meta-llama/Llama-2-7b-chat-hf,VERY HIGH,HIGH,LOW
75144334,meta-llama/Llama-2-7b-chat-hf,MEDIUM,MEDIUM,MEDIUM
75144334,gpt-3.5-turbo,MEDIUM,VERY HIGH,MEDIUM
75036609,meta-llama/Llama-2-7b-chat-hf,HIGH,VERY HIGH,MEDIUM
75036609,gpt-3.5-turbo,HIGH,LOW,HIGH
75666909,meta-llama/Llama-2-7b-chat-hf,VERY HIGH,LOW,MEDIUM
75666909,gpt-3.5-turbo,VERY HIGH,VERY HIGH,VERY HIGH
75554326,meta-llama/Llama-2-7b-chat-hf,MEDIUM,MEDIUM,LOW
75554326,gpt-3.5-turbo,VERY HIGH,MEDIUM,LOW
76024411,meta-llama/Llama-2-7b-chat-hf,HIGH,LOW,LOW
76024411,gpt-3.5-turbo,HIGH,VERY HIGH,HIGH
75039363,meta-llama/Llama-2-7b-chat-hf,LOW,LOW,LOW
75039363,gpt-3.5-turbo,LOW,VERY LOW,MEDIUM
75517381,meta-llama/Llama-2-7b-chat-hf,HIGH,HIGH,MEDIUM
75517381,gpt-3.5-turbo,VERY HIGH,VERY HIGH,LOW
75219282,meta-llama/Llama-2-7b-chat-hf,MEDIUM,VERY HIGH,VERY HIGH
75219282,gpt-3.5-turbo,HIGH,LOW,LOW
75022490,meta-llama/Llama-2-7b-chat-hf,LOW,LOW,HIGH
75022490,gpt-3.5-turbo,VERY HIGH,HIGH,VERY HIGH
74626863,meta-llama/Llama-2-7b-chat-hf,VERY HIGH,MEDIUM,MEDIUM
74626863,gpt-3.5-turbo,MEDIUM,MEDIUM,MEDIUM
75610152,meta-llama/Llama-2-7b-chat-hf,MEDIUM,MEDIUM,MEDIUM
75610152,gpt-3.5-turbo,MEDIUM,LOW,LOW
75194988,gpt-3.5-turbo,LOW,LOW,LOW
75194988,meta-llama/Llama-2-7b-chat-hf,HIGH,HIGH,HIGH
74721482,meta-llama/Llama-2-7b-chat-hf,VERY HIGH,LOW,LOW
74721482,gpt-3.5-turbo,HIGH,VERY LOW,MEDIUM
74906864,meta-llama/Llama-2-7b-chat-hf,LOW,MEDIUM,MEDIUM
74906864,gpt-3.5-turbo,HIGH,HIGH,MEDIUM
75569999,meta-llama/Llama-2-7b-chat-hf,VERY LOW,VERY LOW,LOW
75569999,gpt-3.5-turbo,HIGH,MEDIUM,MEDIUM
75709844,meta-llama/Llama-2-7b-chat-hf,MEDIUM,MEDIUM,VERY HIGH
75709844,gpt-3.5-turbo,HIGH,VERY HIGH,VERY HIGH
75248840,meta-llama/Llama-2-7b-chat-hf,MEDIUM,MEDIUM,MEDIUM
75248840,gpt-3.5-turbo,MEDIUM,MEDIUM,LOW
75100575,meta-llama/Llama-2-7b-chat-hf,MEDIUM,MEDIUM,MEDIUM
75100575,gpt-3.5-turbo,VERY HIGH,VERY HIGH,VERY HIGH
75958646,meta-llama/Llama-2-7b-chat-hf,VERY HIGH,VERY HIGH,VERY LOW
75958646,gpt-3.5-turbo,LOW,MEDIUM,MEDIUM
74895100,meta-llama/Llama-2-7b-chat-hf,HIGH,MEDIUM,MEDIUM
74895100,gpt-3.5-turbo,VERY HIGH,VERY HIGH,VERY HIGH
75909740,meta-llama/Llama-2-7b-chat-hf,MEDIUM,MEDIUM,HIGH
75909740,gpt-3.5-turbo,MEDIUM,MEDIUM,MEDIUM
75141541,meta-llama/Llama-2-7b-chat-hf,VERY HIGH,VERY HIGH,HIGH
75141541,gpt-3.5-turbo,HIGH,VERY HIGH,VERY HIGH
75928075,gpt-3.5-turbo,LOW,MEDIUM,MEDIUM
75928075,meta-llama/Llama-2-7b-chat-hf,LOW,MEDIUM,VERY LOW
75672793,meta-llama/Llama-2-7b-chat-hf,HIGH,VERY HIGH,LOW
75672793,gpt-3.5-turbo,VERY HIGH,MEDIUM,MEDIUM
74633644,meta-llama/Llama-2-7b-chat-hf,HIGH,VERY HIGH,MEDIUM
74633644,gpt-3.5-turbo,VERY HIGH,VERY HIGH,HIGH
75758831,meta-llama/Llama-2-7b-chat-hf,VERY HIGH,VERY HIGH,VERY HIGH
75758831,gpt-3.5-turbo,VERY HIGH,VERY HIGH,MEDIUM
74871350,meta-llama/Llama-2-7b-chat-hf,LOW,VERY HIGH,HIGH
74871350,gpt-3.5-turbo,VERY HIGH,LOW,VERY LOW
74704512,meta-llama/Llama-2-7b-chat-hf,VERY HIGH,MEDIUM,LOW
74704512,gpt-3.5-turbo,VERY HIGH,LOW,VERY HIGH
76018687,meta-llama/Llama-2-7b-chat-hf,VERY HIGH,MEDIUM,MEDIUM
76018687,gpt-3.5-turbo,VERY HIGH,LOW,HIGH
75584772,meta-llama/Llama-2-7b-chat-hf,HIGH,HIGH,HIGH
75584772,gpt-3.5-turbo,MEDIUM,HIGH,MEDIUM
74635523,meta-llama/Llama-2-7b-chat-hf,LOW,VERY LOW,VERY LOW
74635523,gpt-3.5-turbo,LOW,LOW,LOW
75768527,meta-llama/Llama-2-7b-chat-hf,LOW,MEDIUM,LOW
75768527,gpt-3.5-turbo,MEDIUM,LOW,HIGH
75659998,meta-llama/Llama-2-7b-chat-hf,HIGH,LOW,HIGH
75659998,gpt-3.5-turbo,VERY LOW,LOW,MEDIUM
75338255,meta-llama/Llama-2-7b-chat-hf,VERY LOW,VERY HIGH,MEDIUM
75338255,gpt-3.5-turbo,HIGH,HIGH,VERY HIGH
75922766,gpt-3.5-turbo,MEDIUM,LOW,MEDIUM
75922766,meta-llama/Llama-2-7b-chat-hf,LOW,MEDIUM,MEDIUM
75367179,meta-llama/Llama-2-7b-chat-hf,VERY HIGH,LOW,VERY HIGH
75367179,gpt-3.5-turbo,HIGH,MEDIUM,HIGH
75080442,meta-llama/Llama-2-7b-chat-hf,HIGH,HIGH,LOW
75080442,gpt-3.5-turbo,VERY HIGH,HIGH,MEDIUM
75003039,meta-llama/Llama-2-7b-chat-hf,MEDIUM,VERY HIGH,HIGH
75003039,gpt-3.5-turbo,HIGH,HIGH,LOW
74632731,meta-llama/Llama-2-7b-chat-hf,MEDIUM,MEDIUM,MEDIUM
74632731,gpt-3.5-turbo,MEDIUM,HIGH,HIGH
75264592,meta-llama/Llama-2-7b-chat-hf,LOW,VERY LOW,HIGH
75264592,gpt-3.5-turbo,MEDIUM,HIGH,MEDIUM
74694970,meta-llama/Llama-2-7b-chat-hf,HIGH,MEDIUM,HIGH
74694970,gpt-3.5-turbo,HIGH,HIGH,VERY HIGH
75029678,meta-llama/Llama-2-7b-chat-hf,HIGH,MEDIUM,LOW
75029678,gpt-3.5-turbo,MEDIUM,MEDIUM,MEDIUM
75780030,meta-llama/Llama-2-7b-chat-hf,HIGH,VERY HIGH,MEDIUM
75780030,gpt-3.5-turbo,VERY HIGH,VERY HIGH,HIGH
75902318,meta-llama/Llama-2-7b-chat-hf,VERY LOW,VERY HIGH,HIGH
75902318,gpt-3.5-turbo,HIGH,MEDIUM,VERY HIGH
74765075,gpt-3.5-turbo,MEDIUM,MEDIUM,HIGH
74765075,meta-llama/Llama-2-7b-chat-hf,HIGH,VERY HIGH,MEDIUM
75062538,meta-llama/Llama-2-7b-chat-hf,VERY LOW,MEDIUM,VERY LOW
75062538,gpt-3.5-turbo,MEDIUM,MEDIUM,MEDIUM
75915623,meta-llama/Llama-2-7b-chat-hf,VERY HIGH,VERY HIGH,HIGH
75915623,gpt-3.5-turbo,VERY LOW,VERY HIGH,VERY LOW
75349712,meta-llama/Llama-2-7b-chat-hf,LOW,MEDIUM,HIGH
75349712,gpt-3.5-turbo,HIGH,MEDIUM,HIGH
75198599,meta-llama/Llama-2-7b-chat-hf,LOW,MEDIUM,VERY LOW
75198599,gpt-3.5-turbo,VERY HIGH,VERY HIGH,VERY HIGH
75794776,meta-llama/Llama-2-7b-chat-hf,MEDIUM,MEDIUM,VERY HIGH
75794776,gpt-3.5-turbo,HIGH,MEDIUM,VERY HIGH
74919045,meta-llama/Llama-2-7b-chat-hf,LOW,LOW,LOW
74919045,gpt-3.5-turbo,HIGH,VERY HIGH,HIGH
75635774,meta-llama/Llama-2-7b-chat-hf,VERY HIGH,MEDIUM,VERY HIGH
75635774,gpt-3.5-turbo,VERY HIGH,HIGH,VERY HIGH
75291308,meta-llama/Llama-2-7b-chat-hf,HIGH,LOW,LOW
75291308,gpt-3.5-turbo,VERY HIGH,VERY HIGH,MEDIUM
74813041,meta-llama/Llama-2-7b-chat-hf,VERY HIGH,VERY HIGH,VERY HIGH
74813041,gpt-3.5-turbo,HIGH,LOW,VERY HIGH
74745783,gpt-3.5-turbo,HIGH,VERY LOW,HIGH
74745783,meta-llama/Llama-2-7b-chat-hf,MEDIUM,LOW,MEDIUM
75369191,meta-llama/Llama-2-7b-chat-hf,LOW,MEDIUM,MEDIUM
75369191,gpt-3.5-turbo,MEDIUM,HIGH,LOW
75426952,meta-llama/Llama-2-7b-chat-hf,VERY HIGH,LOW,HIGH
75426952,gpt-3.5-turbo,HIGH,VERY HIGH,VERY HIGH
76012769,meta-llama/Llama-2-7b-chat-hf,VERY HIGH,LOW,LOW
76012769,gpt-3.5-turbo,LOW,HIGH,LOW
75513958,meta-llama/Llama-2-7b-chat-hf,VERY HIGH,MEDIUM,MEDIUM
75513958,gpt-3.5-turbo,HIGH,MEDIUM,LOW
74802863,meta-llama/Llama-2-7b-chat-hf,HIGH,MEDIUM,VERY HIGH
74802863,gpt-3.5-turbo,VERY HIGH,HIGH,VERY HIGH
74996056,meta-llama/Llama-2-7b-chat-hf,VERY LOW,LOW,MEDIUM
74996056,gpt-3.5-turbo,VERY LOW,VERY HIGH,LOW
75119837,meta-llama/Llama-2-7b-chat-hf,MEDIUM,MEDIUM,VERY LOW
75119837,gpt-3.5-turbo,HIGH,MEDIUM,MEDIUM
75903800,meta-llama/Llama-2-7b-chat-hf,HIGH,VERY HIGH,MEDIUM
75903800,gpt-3.5-turbo,MEDIUM,VERY HIGH,HIGH
75346885,meta-llama/Llama-2-7b-chat-hf,VERY LOW,VERY HIGH,MEDIUM
75346885,gpt-3.5-turbo,HIGH,MEDIUM,MEDIUM
75012061,gpt-3.5-turbo,LOW,LOW,HIGH
75012061,meta-llama/Llama-2-7b-chat-hf,MEDIUM,LOW,VERY LOW
75135923,meta-llama/Llama-2-7b-chat-hf,LOW,LOW,MEDIUM
75135923,gpt-3.5-turbo,VERY LOW,LOW,VERY HIGH
75958436,meta-llama/Llama-2-7b-chat-hf,MEDIUM,LOW,VERY LOW
75958436,gpt-3.5-turbo,HIGH,VERY HIGH,MEDIUM
74637515,meta-llama/Llama-2-7b-chat-hf,LOW,LOW,VERY LOW
74637515,gpt-3.5-turbo,LOW,HIGH,LOW
75715631,meta-llama/Llama-2-7b-chat-hf,MEDIUM,VERY HIGH,MEDIUM
75715631,gpt-3.5-turbo,LOW,MEDIUM,MEDIUM
75745637,meta-llama/Llama-2-7b-chat-hf,LOW,MEDIUM,VERY HIGH
75745637,gpt-3.5-turbo,VERY HIGH,VERY HIGH,VERY HIGH
75919061,meta-llama/Llama-2-7b-chat-hf,MEDIUM,LOW,VERY LOW
75919061,gpt-3.5-turbo,LOW,VERY LOW,VERY LOW
75494817,meta-llama/Llama-2-7b-chat-hf,HIGH,HIGH,VERY HIGH
75494817,gpt-3.5-turbo,High,HIGH,VERY HIGH
75644586,meta-llama/Llama-2-7b-chat-hf,LOW,HIGH,MEDIUM
75644586,gpt-3.5-turbo,HIGH,VERY HIGH,VERY HIGH
75449604,meta-llama/Llama-2-7b-chat-hf,MEDIUM,LOW,HIGH
75449604,gpt-3.5-turbo,VERY HIGH,LOW,HIGH
75977888,meta-llama/Llama-2-7b-chat-hf,LOW,VERY LOW,LOW
75977888,gpt-3.5-turbo,MEDIUM,LOW,HIGH
74870967,gpt-3.5-turbo,VERY HIGH,HIGH,MEDIUM
74870967,meta-llama/Llama-2-7b-chat-hf,HIGH,MEDIUM,HIGH
75135939,meta-llama/Llama-2-7b-chat-hf,MEDIUM,LOW,VERY LOW
75135939,gpt-3.5-turbo,HIGH,VERY HIGH,HIGH
75346823,meta-llama/Llama-2-7b-chat-hf,VERY LOW,LOW,MEDIUM
75346823,gpt-3.5-turbo,MEDIUM,HIGH,MEDIUM
74733701,meta-llama/Llama-2-7b-chat-hf,LOW,VERY LOW,VERY HIGH
74733701,gpt-3.5-turbo,VERY HIGH,VERY HIGH,MEDIUM
75841863,meta-llama/Llama-2-7b-chat-hf,LOW,VERY HIGH,VERY HIGH
75841863,gpt-3.5-turbo,HIGH,VERY HIGH,HIGH
76030821,meta-llama/Llama-2-7b-chat-hf,HIGH,MEDIUM,LOW
76030821,gpt-3.5-turbo,LOW,MEDIUM,MEDIUM
75011823,meta-llama/Llama-2-7b-chat-hf,LOW,VERY LOW,MEDIUM
75011823,gpt-3.5-turbo,MEDIUM,LOW,LOW
75353543,meta-llama/Llama-2-7b-chat-hf,MEDIUM,HIGH,LOW
75353543,gpt-3.5-turbo,VERY HIGH,LOW,VERY HIGH
75789993,meta-llama/Llama-2-7b-chat-hf,LOW,LOW,MEDIUM
75789993,gpt-3.5-turbo,HIGH,VERY HIGH,VERY HIGH
75429405,meta-llama/Llama-2-7b-chat-hf,VERY HIGH,LOW,VERY HIGH
75429405,gpt-3.5-turbo,HIGH,LOW,VERY HIGH
75377220,meta-llama/Llama-2-7b-chat-hf,VERY HIGH,LOW,MEDIUM
75377220,gpt-3.5-turbo,VERY HIGH,HIGH,MEDIUM
75055688,meta-llama/Llama-2-7b-chat-hf,MEDIUM,VERY HIGH,VERY LOW
75055688,gpt-3.5-turbo,VERY HIGH,VERY HIGH,HIGH
75504826,meta-llama/Llama-2-7b-chat-hf,MEDIUM,LOW,HIGH
75504826,gpt-3.5-turbo,HIGH,MEDIUM,HIGH
74911648,meta-llama/Llama-2-7b-chat-hf,LOW,VERY LOW,LOW
74911648,gpt-3.5-turbo,LOW,MEDIUM,VERY LOW
75044024,meta-llama/Llama-2-7b-chat-hf,VERY HIGH,VERY HIGH,VERY HIGH
75044024,gpt-3.5-turbo,LOW,LOW,LOW
74844464,meta-llama/Llama-2-7b-chat-hf,MEDIUM,MEDIUM,LOW
74844464,gpt-3.5-turbo,LOW,LOW,VERY LOW
74959366,meta-llama/Llama-2-7b-chat-hf,VERY HIGH,VERY HIGH,MEDIUM
74959366,gpt-3.5-turbo,MEDIUM,HIGH,VERY HIGH
75260382,meta-llama/Llama-2-7b-chat-hf,VERY LOW,VERY LOW,LOW
75260382,gpt-3.5-turbo,VERY HIGH,MEDIUM,MEDIUM
75341458,meta-llama/Llama-2-7b-chat-hf,MEDIUM,MEDIUM,HIGH
75341458,gpt-3.5-turbo,MEDIUM,VERY HIGH,LOW
73827986,meta-llama/Llama-2-7b-chat-hf,VERY HIGH,VERY HIGH,VERY HIGH
73827986,gpt-3.5-turbo,MEDIUM,HIGH,HIGH
73368255,meta-llama/Llama-2-7b-chat-hf,LOW,LOW,VERY HIGH
73368255,gpt-3.5-turbo,VERY HIGH,HIGH,VERY HIGH
72986123,meta-llama/Llama-2-7b-chat-hf,LOW,LOW,HIGH
72986123,gpt-3.5-turbo,HIGH,HIGH,MEDIUM
74368270,meta-llama/Llama-2-7b-chat-hf,LOW,MEDIUM,HIGH
74368270,gpt-3.5-turbo,MEDIUM,LOW,LOW
74511509,meta-llama/Llama-2-7b-chat-hf,MEDIUM,VERY HIGH,MEDIUM
74511509,gpt-3.5-turbo,VERY LOW,MEDIUM,LOW
73725448,meta-llama/Llama-2-7b-chat-hf,LOW,LOW,VERY HIGH
73725448,gpt-3.5-turbo,VERY HIGH,VERY LOW,MEDIUM
73465679,meta-llama/Llama-2-7b-chat-hf,HIGH,HIGH,LOW
73465679,gpt-3.5-turbo,LOW,MEDIUM,MEDIUM
74411450,meta-llama/Llama-2-7b-chat-hf,LOW,LOW,VERY LOW
74411450,gpt-3.5-turbo,VERY HIGH,MEDIUM,VERY HIGH
73956768,meta-llama/Llama-2-7b-chat-hf,MEDIUM,VERY HIGH,MEDIUM
73956768,gpt-3.5-turbo,VERY HIGH,HIGH,HIGH
73143311,meta-llama/Llama-2-7b-chat-hf,VERY LOW,VERY LOW,LOW
73143311,gpt-3.5-turbo,VERY LOW,VERY LOW,LOW
73551864,meta-llama/Llama-2-7b-chat-hf,VERY LOW,VERY LOW,LOW
73551864,gpt-3.5-turbo,HIGH,MEDIUM,MEDIUM
74242518,meta-llama/Llama-2-7b-chat-hf,VERY HIGH,MEDIUM,HIGH
74242518,gpt-3.5-turbo,MEDIUM,VERY HIGH,HIGH
74535758,meta-llama/Llama-2-7b-chat-hf,HIGH,HIGH,VERY HIGH
74535758,gpt-3.5-turbo,MEDIUM,HIGH,MEDIUM
73314559,meta-llama/Llama-2-7b-chat-hf,LOW,LOW,VERY LOW
73314559,gpt-3.5-turbo,HIGH,MEDIUM,VERY HIGH
73272894,meta-llama/Llama-2-7b-chat-hf,MEDIUM,LOW,LOW
73272894,gpt-3.5-turbo,MEDIUM,LOW,MEDIUM
72966905,meta-llama/Llama-2-7b-chat-hf,MEDIUM,MEDIUM,MEDIUM
72966905,gpt-3.5-turbo,VERY LOW,VERY HIGH,LOW
72905471,meta-llama/Llama-2-7b-chat-hf,MEDIUM,MEDIUM,VERY LOW
72905471,gpt-3.5-turbo,LOW,MEDIUM,HIGH
72826154,meta-llama/Llama-2-7b-chat-hf,VERY LOW,MEDIUM,MEDIUM
72826154,gpt-3.5-turbo,LOW,LOW,LOW
73045806,meta-llama/Llama-2-7b-chat-hf,LOW,VERY HIGH,VERY HIGH
73045806,gpt-3.5-turbo,LOW,LOW,LOW
73891997,meta-llama/Llama-2-7b-chat-hf,MEDIUM,HIGH,HIGH
73891997,gpt-3.5-turbo,MEDIUM,LOW,HIGH
73979650,meta-llama/Llama-2-7b-chat-hf,LOW,LOW,LOW
73979650,gpt-3.5-turbo,VERY HIGH,MEDIUM,LOW
74422849,meta-llama/Llama-2-7b-chat-hf,LOW,HIGH,HIGH
74422849,gpt-3.5-turbo,MEDIUM,LOW,MEDIUM
73248689,meta-llama/Llama-2-7b-chat-hf,HIGH,HIGH,VERY HIGH
73248689,gpt-3.5-turbo,VERY HIGH,VERY HIGH,VERY HIGH
74437558,meta-llama/Llama-2-7b-chat-hf,VERY LOW,VERY LOW,VERY LOW
74437558,gpt-3.5-turbo,LOW,VERY LOW,LOW
74214892,meta-llama/Llama-2-7b-chat-hf,LOW,LOW,LOW
74214892,gpt-3.5-turbo,MEDIUM,MEDIUM,MEDIUM
73903352,meta-llama/Llama-2-7b-chat-hf,HIGH,HIGH,MEDIUM
73903352,gpt-3.5-turbo,MEDIUM,VERY HIGH,HIGH
74393426,meta-llama/Llama-2-7b-chat-hf,HIGH,VERY HIGH,MEDIUM
74393426,gpt-3.5-turbo,LOW,VERY HIGH,VERY HIGH
73810638,meta-llama/Llama-2-7b-chat-hf,MEDIUM,LOW,MEDIUM
73810638,gpt-3.5-turbo,VERY LOW,LOW,LOW
73184914,meta-llama/Llama-2-7b-chat-hf,MEDIUM,MEDIUM,LOW
73184914,gpt-3.5-turbo,HIGH,MEDIUM,LOW
74595002,meta-llama/Llama-2-7b-chat-hf,MEDIUM,MEDIUM,VERY HIGH
74595002,gpt-3.5-turbo,HIGH,VERY HIGH,VERY HIGH
73534241,meta-llama/Llama-2-7b-chat-hf,MEDIUM,LOW,LOW
73534241,gpt-3.5-turbo,MEDIUM,MEDIUM,VERY HIGH
73144075,meta-llama/Llama-2-7b-chat-hf,LOW,VERY LOW,VERY LOW
73144075,gpt-3.5-turbo,LOW,HIGH,LOW
74543810,meta-llama/Llama-2-7b-chat-hf,VERY LOW,LOW,MEDIUM
74543810,gpt-3.5-turbo,MEDIUM,LOW,HIGH
73556146,meta-llama/Llama-2-7b-chat-hf,VERY LOW,VERY LOW,VERY LOW
73556146,gpt-3.5-turbo,VERY LOW,VERY LOW,VERY LOW
74089173,meta-llama/Llama-2-7b-chat-hf,MEDIUM,HIGH,MEDIUM
74089173,gpt-3.5-turbo,HIGH,HIGH,HIGH
72847591,meta-llama/Llama-2-7b-chat-hf,HIGH,VERY HIGH,VERY HIGH
72847591,gpt-3.5-turbo,VERY HIGH,HIGH,HIGH
73903603,meta-llama/Llama-2-7b-chat-hf,HIGH,VERY HIGH,MEDIUM
73903603,gpt-3.5-turbo,MEDIUM,VERY HIGH,MEDIUM
74448709,meta-llama/Llama-2-7b-chat-hf,VERY HIGH,HIGH,VERY HIGH
74448709,gpt-3.5-turbo,VERY HIGH,HIGH,MEDIUM
74284478,meta-llama/Llama-2-7b-chat-hf,VERY HIGH,HIGH,HIGH
74284478,gpt-3.5-turbo,MEDIUM,LOW,LOW
74405746,meta-llama/Llama-2-7b-chat-hf,VERY LOW,VERY LOW,LOW
74405746,gpt-3.5-turbo,LOW,MEDIUM,VERY LOW
73407546,meta-llama/Llama-2-7b-chat-hf,HIGH,VERY HIGH,VERY HIGH
73407546,gpt-3.5-turbo,VERY HIGH,VERY HIGH,VERY HIGH
74339986,meta-llama/Llama-2-7b-chat-hf,LOW,VERY HIGH,MEDIUM
74339986,gpt-3.5-turbo,VERY HIGH,HIGH,HIGH
73547364,meta-llama/Llama-2-7b-chat-hf,VERY LOW,MEDIUM,MEDIUM
73547364,gpt-3.5-turbo,MEDIUM,VERY LOW,LOW
74095245,meta-llama/Llama-2-7b-chat-hf,LOW,LOW,LOW
74095245,gpt-3.5-turbo,VERY HIGH,VERY HIGH,VERY LOW
73515766,meta-llama/Llama-2-7b-chat-hf,VERY HIGH,HIGH,HIGH
73515766,gpt-3.5-turbo,HIGH,HIGH,VERY HIGH
73004413,meta-llama/Llama-2-7b-chat-hf,MEDIUM,MEDIUM,VERY LOW
73004413,gpt-3.5-turbo,LOW,LOW,MEDIUM
73380316,meta-llama/Llama-2-7b-chat-hf,VERY HIGH,VERY LOW,HIGH
73380316,gpt-3.5-turbo,LOW,LOW,HIGH
73114255,meta-llama/Llama-2-7b-chat-hf,MEDIUM,LOW,HIGH
73114255,gpt-3.5-turbo,LOW,MEDIUM,HIGH
74310780,meta-llama/Llama-2-7b-chat-hf,MEDIUM,VERY LOW,LOW
74310780,gpt-3.5-turbo,LOW,VERY HIGH,VERY LOW
73553976,meta-llama/Llama-2-7b-chat-hf,LOW,LOW,LOW
73553976,gpt-3.5-turbo,VERY LOW,MEDIUM,MEDIUM
74612337,meta-llama/Llama-2-7b-chat-hf,HIGH,MEDIUM,VERY HIGH
74612337,gpt-3.5-turbo,HIGH,LOW,HIGH
73196092,meta-llama/Llama-2-7b-chat-hf,VERY HIGH,VERY LOW,VERY HIGH
73196092,gpt-3.5-turbo,VERY HIGH,MEDIUM,MEDIUM
74227793,meta-llama/Llama-2-7b-chat-hf,VERY LOW,VERY LOW,LOW
74227793,gpt-3.5-turbo,VERY LOW,VERY LOW,VERY LOW
74076957,meta-llama/Llama-2-7b-chat-hf,HIGH,LOW,VERY LOW
74076957,gpt-3.5-turbo,VERY HIGH,VERY HIGH,VERY HIGH
73682305,meta-llama/Llama-2-7b-chat-hf,LOW,LOW,LOW
73682305,gpt-3.5-turbo,VERY HIGH,MEDIUM,MEDIUM
74136704,meta-llama/Llama-2-7b-chat-hf,HIGH,MEDIUM,VERY LOW
74136704,gpt-3.5-turbo,HIGH,HIGH,HIGH
73867414,meta-llama/Llama-2-7b-chat-hf,MEDIUM,MEDIUM,MEDIUM
73867414,gpt-3.5-turbo,VERY LOW,HIGH,LOW
72971634,meta-llama/Llama-2-7b-chat-hf,HIGH,MEDIUM,VERY LOW
72971634,gpt-3.5-turbo,MEDIUM,VERY HIGH,VERY HIGH
73165456,meta-llama/Llama-2-7b-chat-hf,MEDIUM,VERY LOW,LOW
73165456,gpt-3.5-turbo,MEDIUM,VERY LOW,MEDIUM
72988901,meta-llama/Llama-2-7b-chat-hf,LOW,LOW,HIGH
72988901,gpt-3.5-turbo,HIGH,HIGH,VERY HIGH
73635965,meta-llama/Llama-2-7b-chat-hf,LOW,MEDIUM,VERY HIGH
73635965,gpt-3.5-turbo,MEDIUM,MEDIUM,MEDIUM
73738035,meta-llama/Llama-2-7b-chat-hf,LOW,VERY LOW,LOW
73738035,gpt-3.5-turbo,VERY HIGH,VERY HIGH,VERY HIGH
73032148,meta-llama/Llama-2-7b-chat-hf,MEDIUM,LOW,VERY HIGH
73032148,gpt-3.5-turbo,VERY HIGH,VERY HIGH,VERY HIGH
73687017,meta-llama/Llama-2-7b-chat-hf,MEDIUM,VERY HIGH,LOW
73687017,gpt-3.5-turbo,VERY HIGH,HIGH,HIGH
73531936,meta-llama/Llama-2-7b-chat-hf,MEDIUM,LOW,LOW
73531936,gpt-3.5-turbo,LOW,VERY LOW,LOW
73158541,meta-llama/Llama-2-7b-chat-hf,VERY LOW,VERY LOW,LOW
73158541,gpt-3.5-turbo,LOW,MEDIUM,VERY LOW
74588596,meta-llama/Llama-2-7b-chat-hf,VERY HIGH,VERY HIGH,HIGH
74588596,gpt-3.5-turbo,VERY HIGH,HIGH,VERY HIGH
73538666,meta-llama/Llama-2-7b-chat-hf,MEDIUM,LOW,MEDIUM
73538666,gpt-3.5-turbo,LOW,VERY HIGH,LOW
72828351,meta-llama/Llama-2-7b-chat-hf,MEDIUM,VERY HIGH,HIGH
72828351,gpt-3.5-turbo,HIGH,HIGH,VERY HIGH
73657033,meta-llama/Llama-2-7b-chat-hf,HIGH,VERY HIGH,VERY HIGH
73657033,gpt-3.5-turbo,VERY HIGH,HIGH,VERY HIGH
73925755,meta-llama/Llama-2-7b-chat-hf,VERY HIGH,LOW,VERY SIMILAR
73925755,gpt-3.5-turbo,VERY HIGH,VERY LOW,VERY HIGH
73452611,meta-llama/Llama-2-7b-chat-hf,HIGH,HIGH,MEDIUM
73452611,gpt-3.5-turbo,LOW,MEDIUM,VERY LOW
74271731,meta-llama/Llama-2-7b-chat-hf,MEDIUM,VERY HIGH,VERY HIGH
74271731,gpt-3.5-turbo,MEDIUM,MEDIUM,HIGH
73985472,meta-llama/Llama-2-7b-chat-hf,MEDIUM,MEDIUM,MEDIUM
73985472,gpt-3.5-turbo,VERY HIGH,LOW,VERY HIGH
72954104,meta-llama/Llama-2-7b-chat-hf,MEDIUM,LOW,MEDIUM
72954104,gpt-3.5-turbo,VERY LOW,VERY HIGH,VERY LOW
74400294,meta-llama/Llama-2-7b-chat-hf,LOW,VERY HIGH,LOW
74400294,gpt-3.5-turbo,LOW,MEDIUM,HIGH
74481905,meta-llama/Llama-2-7b-chat-hf,LOW,VERY HIGH,VERY HIGH
74481905,gpt-3.5-turbo,LOW,VERY LOW,MEDIUM
73125825,meta-llama/Llama-2-7b-chat-hf,VERY HIGH,VERY HIGH,MEDIUM
73125825,gpt-3.5-turbo,HIGH,VERY HIGH,VERY HIGH
73475744,meta-llama/Llama-2-7b-chat-hf,HIGH,VERY HIGH,HIGH
73475744,gpt-3.5-turbo,MEDIUM,HIGH,VERY HIGH
73188739,meta-llama/Llama-2-7b-chat-hf,VERY HIGH,HIGH,MEDIUM
73188739,gpt-3.5-turbo,MEDIUM,LOW,MEDIUM
74365692,meta-llama/Llama-2-7b-chat-hf,HIGH,VERY HIGH,VERY HIGH
74365692,gpt-3.5-turbo,HIGH,LOW,LOW
74041416,meta-llama/Llama-2-7b-chat-hf,HIGH,MEDIUM,MEDIUM
74041416,gpt-3.5-turbo,HIGH,HIGH,LOW
73671051,meta-llama/Llama-2-7b-chat-hf,LOW,VERY LOW,VERY LOW
73671051,gpt-3.5-turbo,HIGH,LOW,VERY HIGH
74556446,meta-llama/Llama-2-7b-chat-hf,LOW,HIGH,VERY HIGH
74556446,gpt-3.5-turbo,VERY HIGH,HIGH,VERY HIGH
74127525,meta-llama/Llama-2-7b-chat-hf,VERY LOW,VERY LOW,MEDIUM
74127525,gpt-3.5-turbo,LOW,MEDIUM,VERY LOW
73168099,meta-llama/Llama-2-7b-chat-hf,VERY HIGH,MEDIUM,MEDIUM
73168099,gpt-3.5-turbo,VERY HIGH,MEDIUM,VERY HIGH
74321568,meta-llama/Llama-2-7b-chat-hf,MEDIUM,MEDIUM,LOW
74321568,gpt-3.5-turbo,MEDIUM,MEDIUM,HIGH
73573040,meta-llama/Llama-2-7b-chat-hf,LOW,LOW,LOW
73573040,gpt-3.5-turbo,MEDIUM,MEDIUM,HIGH
73419719,meta-llama/Llama-2-7b-chat-hf,MEDIUM,MEDIUM,MEDIUM
73419719,gpt-3.5-turbo,VERY HIGH,MEDIUM,VERY HIGH
73106769,meta-llama/Llama-2-7b-chat-hf,LOW,MEDIUM,MEDIUM
73106769,gpt-3.5-turbo,MEDIUM,MEDIUM,HIGH
73179160,meta-llama/Llama-2-7b-chat-hf,MEDIUM,MEDIUM,VERY LOW
73179160,gpt-3.5-turbo,LOW,VERY HIGH,HIGH
73920596,meta-llama/Llama-2-7b-chat-hf,MEDIUM,HIGH,VERY LOW
73920596,gpt-3.5-turbo,HIGH,VERY HIGH,VERY HIGH
74386488,meta-llama/Llama-2-7b-chat-hf,MEDIUM,VERY HIGH,VERY HIGH
74386488,gpt-3.5-turbo,VERY HIGH,HIGH,MEDIUM
72857296,meta-llama/Llama-2-7b-chat-hf,VERY LOW,MEDIUM,VERY HIGH
72857296,gpt-3.5-turbo,VERY HIGH,MEDIUM,VERY LOW
74407560,meta-llama/Llama-2-7b-chat-hf,LOW,VERY LOW,VERY LOW
74407560,gpt-3.5-turbo,VERY LOW,MEDIUM,MEDIUM
73633189,meta-llama/Llama-2-7b-chat-hf,MEDIUM,HIGH,LOW
73633189,gpt-3.5-turbo,HIGH,VERY HIGH,HIGH
73985713,meta-llama/Llama-2-7b-chat-hf,LOW,VERY LOW,LOW
73985713,gpt-3.5-turbo,VERY HIGH,MEDIUM,HIGH
74306195,meta-llama/Llama-2-7b-chat-hf,MEDIUM,LOW,LOW
74306195,gpt-3.5-turbo,MEDIUM,MEDIUM,HIGH
74191220,meta-llama/Llama-2-7b-chat-hf,MEDIUM,MEDIUM,VERY LOW
74191220,gpt-3.5-turbo,VERY HIGH,HIGH,MEDIUM
73968425,meta-llama/Llama-2-7b-chat-hf,MEDIUM,MEDIUM,VERY LOW
73968425,gpt-3.5-turbo,VERY HIGH,MEDIUM,MEDIUM
72925947,meta-llama/Llama-2-7b-chat-hf,HIGH,LOW,MEDIUM
72925947,gpt-3.5-turbo,VERY LOW,MEDIUM,MEDIUM
74357958,meta-llama/Llama-2-7b-chat-hf,VERY LOW,VERY LOW,LOW
74357958,gpt-3.5-turbo,HIGH,LOW,LOW
73072459,meta-llama/Llama-2-7b-chat-hf,VERY HIGH,LOW,MEDIUM
73072459,gpt-3.5-turbo,VERY HIGH,MEDIUM,VERY HIGH
73354989,meta-llama/Llama-2-7b-chat-hf,MEDIUM,VERY HIGH,HIGH
73354989,gpt-3.5-turbo,VERY HIGH,VERY HIGH,VERY HIGH
74512813,meta-llama/Llama-2-7b-chat-hf,VERY HIGH,MEDIUM,VERY HIGH
74512813,gpt-3.5-turbo,HIGH,MEDIUM,HIGH
74345581,meta-llama/Llama-2-7b-chat-hf,HIGH,HIGH,LOW
74345581,gpt-3.5-turbo,VERY LOW,VERY HIGH,VERY HIGH
74382338,meta-llama/Llama-2-7b-chat-hf,MEDIUM,VERY HIGH,LOW
74382338,gpt-3.5-turbo,MEDIUM,LOW,LOW
74237043,meta-llama/Llama-2-7b-chat-hf,HIGH,HIGH,HIGH
74237043,gpt-3.5-turbo,VERY HIGH,HIGH,HIGH
74594144,meta-llama/Llama-2-7b-chat-hf,MEDIUM,LOW,VERY LOW
74594144,gpt-3.5-turbo,HIGH,VERY HIGH,VERY HIGH
74168837,meta-llama/Llama-2-7b-chat-hf,VERY LOW,HIGH,VERY HIGH
74168837,gpt-3.5-turbo,HIGH,MEDIUM,MEDIUM
73784320,meta-llama/Llama-2-7b-chat-hf,MEDIUM,VERY LOW,MEDIUM
73784320,gpt-3.5-turbo,MEDIUM,MEDIUM,VERY HIGH
73377019,meta-llama/Llama-2-7b-chat-hf,MEDIUM,MEDIUM,LOW
73377019,gpt-3.5-turbo,LOW,MEDIUM,MEDIUM
73210611,meta-llama/Llama-2-7b-chat-hf,HIGH,HIGH,VERY HIGH
73210611,gpt-3.5-turbo,VERY HIGH,VERY HIGH,VERY HIGH
74548191,meta-llama/Llama-2-7b-chat-hf,VERY HIGH,MEDIUM,MEDIUM
74548191,gpt-3.5-turbo,HIGH,MEDIUM,MEDIUM
73502432,meta-llama/Llama-2-7b-chat-hf,LOW,LOW,VERY LOW
73502432,gpt-3.5-turbo,LOW,MEDIUM,VERY HIGH
73515934,meta-llama/Llama-2-7b-chat-hf,LOW,VERY HIGH,LOW
73515934,gpt-3.5-turbo,HIGH,LOW,MEDIUM
72936313,meta-llama/Llama-2-7b-chat-hf,MEDIUM,MEDIUM,VERY HIGH
72936313,gpt-3.5-turbo,MEDIUM,LOW,HIGH
74110774,meta-llama/Llama-2-7b-chat-hf,VERY HIGH,LOW,HIGH
74110774,gpt-3.5-turbo,HIGH,VERY HIGH,MEDIUM
73113554,meta-llama/Llama-2-7b-chat-hf,MEDIUM,VERY HIGH,MEDIUM
73113554,gpt-3.5-turbo,HIGH,MEDIUM,HIGH
73960832,meta-llama/Llama-2-7b-chat-hf,VERY HIGH,LOW,VERY LOW
73960832,gpt-3.5-turbo,MEDIUM,SIMILAR,MEDIUM
74387517,meta-llama/Llama-2-7b-chat-hf,LOW,VERY LOW,MEDIUM
74387517,gpt-3.5-turbo,MEDIUM,LOW,LOW
73634127,meta-llama/Llama-2-7b-chat-hf,MEDIUM,MEDIUM,LOW
73634127,gpt-3.5-turbo,MEDIUM,MEDIUM,HIGH
73316739,meta-llama/Llama-2-7b-chat-hf,VERY HIGH,LOW,VERY LOW
73316739,gpt-3.5-turbo,VERY LOW,VERY HIGH,MEDIUM
73683516,meta-llama/Llama-2-7b-chat-hf,MEDIUM,VERY HIGH,MEDIUM
73683516,gpt-3.5-turbo,VERY HIGH,HIGH,VERY HIGH
73253228,meta-llama/Llama-2-7b-chat-hf,HIGH,VERY LOW,MEDIUM
73253228,gpt-3.5-turbo,MEDIUM,LOW,MEDIUM
73555284,meta-llama/Llama-2-7b-chat-hf,MEDIUM,VERY HIGH,HIGH
73555284,gpt-3.5-turbo,LOW,VERY HIGH,MEDIUM
73809448,meta-llama/Llama-2-7b-chat-hf,HIGH,VERY LOW,MEDIUM
73809448,gpt-3.5-turbo,VERY HIGH,VERY HIGH,VERY LOW
72887432,meta-llama/Llama-2-7b-chat-hf,LOW,MEDIUM,LOW
72887432,gpt-3.5-turbo,LOW,VERY HIGH,HIGH
74217317,meta-llama/Llama-2-7b-chat-hf,HIGH,VERY HIGH,HIGH
74217317,gpt-3.5-turbo,VERY HIGH,VERY HIGH,VERY HIGH
74016253,meta-llama/Llama-2-7b-chat-hf,VERY LOW,VERY LOW,VERY LOW
74016253,gpt-3.5-turbo,MEDIUM,MEDIUM,VERY HIGH
73299474,meta-llama/Llama-2-7b-chat-hf,MEDIUM,VERY LOW,MEDIUM
73299474,gpt-3.5-turbo,HIGH,VERY HIGH,VERY HIGH
74490549,meta-llama/Llama-2-7b-chat-hf,MEDIUM,LOW,VERY HIGH
74490549,gpt-3.5-turbo,VERY HIGH,HIGH,HIGH
73134275,meta-llama/Llama-2-7b-chat-hf,MEDIUM,LOW,LOW
73134275,gpt-3.5-turbo,HIGH,VERY HIGH,HIGH
74257296,meta-llama/Llama-2-7b-chat-hf,MEDIUM,MEDIUM,MEDIUM
74257296,gpt-3.5-turbo,HIGH,SIMILAR,HIGH
72966759,meta-llama/Llama-2-7b-chat-hf,VERY HIGH,LOW,MEDIUM
72966759,gpt-3.5-turbo,VERY HIGH,MEDIUM,HIGH
74606136,meta-llama/Llama-2-7b-chat-hf,VERY LOW,VERY LOW,VERY LOW
74606136,gpt-3.5-turbo,VERY LOW,LOW,VERY LOW
73292446,meta-llama/Llama-2-7b-chat-hf,MEDIUM,HIGH,HIGH
73292446,gpt-3.5-turbo,LOW,MEDIUM,VERY HIGH
73725267,meta-llama/Llama-2-7b-chat-hf,LOW,MEDIUM,VERY HIGH
73725267,gpt-3.5-turbo,VERY HIGH,LOW,VERY HIGH
72856097,meta-llama/Llama-2-7b-chat-hf,VERY HIGH,VERY HIGH,MEDIUM
72856097,gpt-3.5-turbo,MEDIUM,MEDIUM,VERY HIGH
74199102,meta-llama/Llama-2-7b-chat-hf,HIGH,MEDIUM,MEDIUM
74199102,gpt-3.5-turbo,MEDIUM,MEDIUM,VERY LOW
73354302,meta-llama/Llama-2-7b-chat-hf,VERY LOW,LOW,VERY LOW
73354302,gpt-3.5-turbo,LOW,MEDIUM,LOW
73283623,meta-llama/Llama-2-7b-chat-hf,HIGH,VERY HIGH,HIGH
73283623,gpt-3.5-turbo,VERY HIGH,HIGH,VERY HIGH
73262628,meta-llama/Llama-2-7b-chat-hf,MEDIUM,MEDIUM,VERY HIGH
73262628,gpt-3.5-turbo,LOW,VERY HIGH,MEDIUM
73707930,meta-llama/Llama-2-7b-chat-hf,VERY HIGH,MEDIUM,HIGH
73707930,gpt-3.5-turbo,MEDIUM,MEDIUM,LOW
74402927,meta-llama/Llama-2-7b-chat-hf,MEDIUM,MEDIUM,VERY HIGH
74402927,gpt-3.5-turbo,HIGH,LOW,MEDIUM
73746526,meta-llama/Llama-2-7b-chat-hf,VERY HIGH,HIGH,LOW
73746526,gpt-3.5-turbo,MEDIUM,HIGH,VERY HIGH
73806877,meta-llama/Llama-2-7b-chat-hf,VERY HIGH,HIGH,MEDIUM
73806877,gpt-3.5-turbo,MEDIUM,MEDIUM,LOW
73630660,meta-llama/Llama-2-7b-chat-hf,VERY LOW,MEDIUM,VERY LOW
73630660,gpt-3.5-turbo,MEDIUM,LOW,LOW
74338106,meta-llama/Llama-2-7b-chat-hf,MEDIUM,HIGH,MEDIUM
74338106,gpt-3.5-turbo,VERY HIGH,HIGH,VERY HIGH
73675612,meta-llama/Llama-2-7b-chat-hf,LOW,VERY LOW,LOW
73675612,gpt-3.5-turbo,MEDIUM,HIGH,LOW
74506570,meta-llama/Llama-2-7b-chat-hf,MEDIUM,MEDIUM,LOW
74506570,gpt-3.5-turbo,MEDIUM,MEDIUM,MEDIUM
73518721,gpt-3.5-turbo,VERY HIGH,HIGH,MEDIUM
73518721,meta-llama/Llama-2-7b-chat-hf,VERY HIGH,MEDIUM,HIGH
73694809,meta-llama/Llama-2-7b-chat-hf,HIGH,HIGH,HIGH
73694809,gpt-3.5-turbo,HIGH,VERY HIGH,HIGH
74041404,meta-llama/Llama-2-7b-chat-hf,LOW,MEDIUM,MEDIUM
74041404,gpt-3.5-turbo,MEDIUM,HIGH,MEDIUM
72854554,meta-llama/Llama-2-7b-chat-hf,HIGH,MEDIUM,LOW
72854554,gpt-3.5-turbo,HIGH,VERY HIGH,VERY HIGH
74454140,meta-llama/Llama-2-7b-chat-hf,MEDIUM,VERY HIGH,LOW
74454140,gpt-3.5-turbo,HIGH,HIGH,HIGH
74014951,meta-llama/Llama-2-7b-chat-hf,MEDIUM,HIGH,VERY HIGH
74014951,gpt-3.5-turbo,LOW,MEDIUM,HIGH
74297221,meta-llama/Llama-2-7b-chat-hf,LOW,LOW,LOW
74297221,gpt-3.5-turbo,LOW,MEDIUM,LOW
73587743,meta-llama/Llama-2-7b-chat-hf,LOW,VERY HIGH,VERY LOW
73587743,gpt-3.5-turbo,HIGH,MEDIUM,MEDIUM
73422387,meta-llama/Llama-2-7b-chat-hf,MEDIUM,VERY HIGH,MEDIUM
73422387,gpt-3.5-turbo,VERY LOW,VERY HIGH,MEDIUM
74325785,meta-llama/Llama-2-7b-chat-hf,VERY HIGH,HIGH,VERY HIGH
74325785,gpt-3.5-turbo,MEDIUM,MEDIUM,VERY HIGH
73550999,meta-llama/Llama-2-7b-chat-hf,MEDIUM,VERY HIGH,LOW
73550999,gpt-3.5-turbo,VERY HIGH,HIGH,VERY HIGH
74495897,meta-llama/Llama-2-7b-chat-hf,VERY LOW,VERY LOW,MEDIUM
74495897,gpt-3.5-turbo,VERY HIGH,VERY HIGH,VERY HIGH
73750333,meta-llama/Llama-2-7b-chat-hf,LOW,MEDIUM,LOW
73750333,gpt-3.5-turbo,MEDIUM,LOW,LOW
74460252,gpt-3.5-turbo,HIGH,HIGH,VERY HIGH
74460252,meta-llama/Llama-2-7b-chat-hf,MEDIUM,VERY HIGH,VERY HIGH
72830586,meta-llama/Llama-2-7b-chat-hf,VERY HIGH,MEDIUM,HIGH
72830586,gpt-3.5-turbo,LOW,MEDIUM,LOW
73464752,meta-llama/Llama-2-7b-chat-hf,LOW,LOW,MEDIUM
73464752,gpt-3.5-turbo,LOW,MEDIUM,VERY HIGH
74141412,meta-llama/Llama-2-7b-chat-hf,VERY HIGH,HIGH,VERY LOW
74141412,gpt-3.5-turbo,MEDIUM,VERY HIGH,MEDIUM
73066189,meta-llama/Llama-2-7b-chat-hf,VERY HIGH,HIGH,HIGH
73066189,gpt-3.5-turbo,MEDIUM,HIGH,VERY HIGH
73874791,meta-llama/Llama-2-7b-chat-hf,VERY HIGH,MEDIUM,VERY HIGH
73874791,gpt-3.5-turbo,VERY HIGH,HIGH,MEDIUM
72843205,meta-llama/Llama-2-7b-chat-hf,MEDIUM,MEDIUM,HIGH
72843205,gpt-3.5-turbo,LOW,LOW,LOW
73868350,meta-llama/Llama-2-7b-chat-hf,LOW,LOW,LOW
73868350,gpt-3.5-turbo,VERY HIGH,HIGH,VERY HIGH
73475091,meta-llama/Llama-2-7b-chat-hf,LOW,MEDIUM,LOW
73475091,gpt-3.5-turbo,MEDIUM,MEDIUM,HIGH
74363179,meta-llama/Llama-2-7b-chat-hf,HIGH,VERY LOW,MEDIUM
74363179,gpt-3.5-turbo,HIGH,VERY HIGH,MEDIUM
74485432,meta-llama/Llama-2-7b-chat-hf,MEDIUM,VERY HIGH,VERY HIGH
74485432,gpt-3.5-turbo,HIGH,VERY HIGH,HIGH
73093527,meta-llama/Llama-2-7b-chat-hf,LOW,VERY HIGH,VERY HIGH
73093527,gpt-3.5-turbo,VERY HIGH,VERY HIGH,VERY HIGH
74027109,meta-llama/Llama-2-7b-chat-hf,HIGH,VERY HIGH,LOW
74027109,gpt-3.5-turbo,VERY HIGH,VERY HIGH,LOW
73711919,meta-llama/Llama-2-7b-chat-hf,MEDIUM,MEDIUM,MEDIUM
73711919,gpt-3.5-turbo,VERY HIGH,HIGH,HIGH
73187972,meta-llama/Llama-2-7b-chat-hf,MEDIUM,HIGH,MEDIUM
73187972,gpt-3.5-turbo,LOW,MEDIUM,MEDIUM
73195147,meta-llama/Llama-2-7b-chat-hf,VERY HIGH,HIGH,MEDIUM
73195147,gpt-3.5-turbo,LOW,HIGH,VERY HIGH
74223372,meta-llama/Llama-2-7b-chat-hf,MEDIUM,VERY LOW,VERY LOW
74223372,gpt-3.5-turbo,HIGH,VERY HIGH,HIGH
74560568,meta-llama/Llama-2-7b-chat-hf,MEDIUM,VERY LOW,VERY LOW
74560568,gpt-3.5-turbo,HIGH,MEDIUM,HIGH
72957907,meta-llama/Llama-2-7b-chat-hf,HIGH,VERY LOW,MEDIUM
72957907,gpt-3.5-turbo,HIGH,HIGH,VERY HIGH
73206867,meta-llama/Llama-2-7b-chat-hf,LOW,MEDIUM,LOW
73206867,gpt-3.5-turbo,HIGH,MEDIUM,MEDIUM
74422137,meta-llama/Llama-2-7b-chat-hf,HIGH,HIGH,LOW
74422137,gpt-3.5-turbo,VERY HIGH,VERY HIGH,VERY HIGH
74569969,meta-llama/Llama-2-7b-chat-hf,MEDIUM,LOW,MEDIUM
74569969,gpt-3.5-turbo,MEDIUM,MEDIUM,LOW
73003300,meta-llama/Llama-2-7b-chat-hf,MEDIUM,VERY HIGH,HIGH
73003300,gpt-3.5-turbo,LOW,MEDIUM,VERY HIGH
74367732,meta-llama/Llama-2-7b-chat-hf,VERY HIGH,MEDIUM,VERY HIGH
74367732,gpt-3.5-turbo,HIGH,VERY HIGH,LOW
74500669,meta-llama/Llama-2-7b-chat-hf,MEDIUM,VERY LOW,HIGH
74500669,gpt-3.5-turbo,LOW,VERY HIGH,MEDIUM
73989407,meta-llama/Llama-2-7b-chat-hf,MEDIUM,VERY HIGH,LOW
73989407,gpt-3.5-turbo,HIGH,MEDIUM,LOW
74065917,meta-llama/Llama-2-7b-chat-hf,HIGH,HIGH,VERY HIGH
74065917,gpt-3.5-turbo,HIGH,VERY HIGH,HIGH
74425498,meta-llama/Llama-2-7b-chat-hf,VERY LOW,VERY LOW,MEDIUM
74425498,gpt-3.5-turbo,HIGH,HIGH,LOW
73616779,meta-llama/Llama-2-7b-chat-hf,LOW,HIGH,MEDIUM
73616779,gpt-3.5-turbo,MEDIUM,MEDIUM,MEDIUM
73000455,meta-llama/Llama-2-7b-chat-hf,MEDIUM,HIGH,VERY HIGH
73000455,gpt-3.5-turbo,VERY HIGH,HIGH,LOW
73297257,meta-llama/Llama-2-7b-chat-hf,MEDIUM,HIGH,VERY HIGH
73297257,gpt-3.5-turbo,VERY HIGH,VERY HIGH,VERY HIGH
73410047,meta-llama/Llama-2-7b-chat-hf,MEDIUM,VERY LOW,LOW
73410047,gpt-3.5-turbo,VERY LOW,LOW,VERY LOW
74363222,meta-llama/Llama-2-7b-chat-hf,HIGH,VERY HIGH,HIGH
74363222,gpt-3.5-turbo,HIGH,HIGH,HIGH
73443078,meta-llama/Llama-2-7b-chat-hf,MEDIUM,MEDIUM,MEDIUM
73443078,gpt-3.5-turbo,LOW,HIGH,MEDIUM
73750290,meta-llama/Llama-2-7b-chat-hf,VERY HIGH,VERY HIGH,VERY HIGH
73750290,gpt-3.5-turbo,MEDIUM,VERY HIGH,LOW
73232841,meta-llama/Llama-2-7b-chat-hf,MEDIUM,HIGH,HIGH
73232841,gpt-3.5-turbo,MEDIUM,MEDIUM,HIGH
74053380,meta-llama/Llama-2-7b-chat-hf,LOW,VERY LOW,VERY LOW
74053380,gpt-3.5-turbo,LOW,MEDIUM,LOW
73539348,meta-llama/Llama-2-7b-chat-hf,LOW,MEDIUM,LOW
73539348,gpt-3.5-turbo,LOW,LOW,HIGH
72907961,meta-llama/Llama-2-7b-chat-hf,MEDIUM,MEDIUM,VERY LOW
72907961,gpt-3.5-turbo,LOW,LOW,MEDIUM
72849419,meta-llama/Llama-2-7b-chat-hf,MEDIUM,MEDIUM,MEDIUM
72849419,gpt-3.5-turbo,VERY HIGH,HIGH,HIGH
72965331,meta-llama/Llama-2-7b-chat-hf,LOW,VERY LOW,LOW
72965331,gpt-3.5-turbo,HIGH,HIGH,MEDIUM
73147931,meta-llama/Llama-2-7b-chat-hf,MEDIUM,MEDIUM,VERY LOW
73147931,gpt-3.5-turbo,VERY HIGH,MEDIUM,VERY LOW
73369911,meta-llama/Llama-2-7b-chat-hf,VERY HIGH,LOW,VERY HIGH
73369911,gpt-3.5-turbo,VERY LOW,LOW,VERY HIGH
73841384,meta-llama/Llama-2-7b-chat-hf,LOW,MEDIUM,MEDIUM
73841384,gpt-3.5-turbo,VERY HIGH,HIGH,VERY HIGH
73704007,meta-llama/Llama-2-7b-chat-hf,VERY HIGH,LOW,HIGH
73704007,gpt-3.5-turbo,VERY HIGH,MEDIUM,LOW
73791548,meta-llama/Llama-2-7b-chat-hf,LOW,VERY HIGH,LOW
73791548,gpt-3.5-turbo,HIGH,LOW,LOW
74489862,meta-llama/Llama-2-7b-chat-hf,LOW,LOW,LOW
74489862,gpt-3.5-turbo,MEDIUM,HIGH,HIGH
72882674,meta-llama/Llama-2-7b-chat-hf,VERY HIGH,VERY LOW,VERY HIGH
72882674,gpt-3.5-turbo,HIGH,HIGH,HIGH
73102323,meta-llama/Llama-2-7b-chat-hf,VERY LOW,LOW,HIGH
73102323,gpt-3.5-turbo,LOW,LOW,VERY LOW
73223467,meta-llama/Llama-2-7b-chat-hf,VERY HIGH,VERY HIGH,VERY HIGH
73223467,gpt-3.5-turbo,VERY HIGH,MEDIUM,MEDIUM
73526145,meta-llama/Llama-2-7b-chat-hf,MEDIUM,MEDIUM,VERY LOW
73526145,gpt-3.5-turbo,MEDIUM,LOW,VERY HIGH
73961325,meta-llama/Llama-2-7b-chat-hf,HIGH,MEDIUM,MEDIUM
73961325,gpt-3.5-turbo,VERY HIGH,VERY HIGH,MEDIUM
73034413,meta-llama/Llama-2-7b-chat-hf,VERY HIGH,HIGH,HIGH
73034413,gpt-3.5-turbo,HIGH,VERY HIGH,VERY HIGH
74365144,meta-llama/Llama-2-7b-chat-hf,LOW,LOW,LOW
74365144,gpt-3.5-turbo,VERY HIGH,VERY HIGH,MEDIUM
73354652,meta-llama/Llama-2-7b-chat-hf,LOW,MEDIUM,MEDIUM
73354652,gpt-3.5-turbo,HIGH,HIGH,MEDIUM
74405956,meta-llama/Llama-2-7b-chat-hf,VERY LOW,VERY LOW,MEDIUM
74405956,gpt-3.5-turbo,HIGH,HIGH,VERY HIGH
73073571,meta-llama/Llama-2-7b-chat-hf,LOW,LOW,LOW
73073571,gpt-3.5-turbo,LOW,VERY HIGH,VERY LOW
74603346,meta-llama/Llama-2-7b-chat-hf,LOW,HIGH,LOW
74603346,gpt-3.5-turbo,LOW,MEDIUM,MEDIUM
73583513,meta-llama/Llama-2-7b-chat-hf,VERY HIGH,MEDIUM,MEDIUM
73583513,gpt-3.5-turbo,VERY HIGH,VERY HIGH,MEDIUM
73436929,meta-llama/Llama-2-7b-chat-hf,MEDIUM,MEDIUM,HIGH
73436929,gpt-3.5-turbo,HIGH,MEDIUM,LOW
73858913,meta-llama/Llama-2-7b-chat-hf,MEDIUM,LOW,HIGH
73858913,gpt-3.5-turbo,MEDIUM,VERY HIGH,VERY HIGH
73964168,meta-llama/Llama-2-7b-chat-hf,VERY LOW,LOW,VERY LOW
73964168,gpt-3.5-turbo,MEDIUM,HIGH,HIGH
74167747,meta-llama/Llama-2-7b-chat-hf,MEDIUM,MEDIUM,MEDIUM
74167747,gpt-3.5-turbo,HIGH,VERY HIGH,HIGH
74349234,meta-llama/Llama-2-7b-chat-hf,VERY LOW,MEDIUM,VERY HIGH
74349234,gpt-3.5-turbo,VERY HIGH,VERY HIGH,VERY HIGH
73549943,meta-llama/Llama-2-7b-chat-hf,VERY HIGH,MEDIUM,HIGH
73549943,gpt-3.5-turbo,MEDIUM,MEDIUM,HIGH
73290373,meta-llama/Llama-2-7b-chat-hf,VERY LOW,HIGH,VERY LOW
73290373,gpt-3.5-turbo,HIGH,VERY HIGH,LOW
74077744,meta-llama/Llama-2-7b-chat-hf,VERY HIGH,HIGH,VERY HIGH
74077744,gpt-3.5-turbo,HIGH,HIGH,VERY HIGH
73646644,meta-llama/Llama-2-7b-chat-hf,MEDIUM,VERY HIGH,MEDIUM
73646644,gpt-3.5-turbo,VERY HIGH,MEDIUM,HIGH
73277769,meta-llama/Llama-2-7b-chat-hf,LOW,VERY LOW,LOW
73277769,gpt-3.5-turbo,VERY HIGH,VERY HIGH,VERY HIGH
73504314,meta-llama/Llama-2-7b-chat-hf,LOW,MEDIUM,LOW
73504314,gpt-3.5-turbo,MEDIUM,HIGH,MEDIUM
74318528,meta-llama/Llama-2-7b-chat-hf,MEDIUM,LOW,MEDIUM
74318528,gpt-3.5-turbo,MEDIUM,VERY HIGH,VERY HIGH
73206798,meta-llama/Llama-2-7b-chat-hf,HIGH,HIGH,HIGH
73206798,gpt-3.5-turbo,HIGH,VERY HIGH,HIGH
73676116,meta-llama/Llama-2-7b-chat-hf,HIGH,VERY HIGH,MEDIUM
73676116,gpt-3.5-turbo,VERY HIGH,VERY HIGH,MEDIUM
73364270,meta-llama/Llama-2-7b-chat-hf,MEDIUM,MEDIUM,LOW
73364270,gpt-3.5-turbo,HIGH,VERY HIGH,VERY HIGH
73760219,meta-llama/Llama-2-7b-chat-hf,VERY LOW,LOW,LOW
73760219,gpt-3.5-turbo,VERY LOW,VERY LOW,LOW
73946426,meta-llama/Llama-2-7b-chat-hf,HIGH,HIGH,VERY HIGH
73946426,gpt-3.5-turbo,VERY HIGH,HIGH,LOW
73393051,meta-llama/Llama-2-7b-chat-hf,LOW,MEDIUM,HIGH
73393051,gpt-3.5-turbo,MEDIUM,VERY HIGH,VERY HIGH
73410719,meta-llama/Llama-2-7b-chat-hf,MEDIUM,MEDIUM,VERY HIGH
73410719,gpt-3.5-turbo,MEDIUM,VERY HIGH,LOW
73611950,meta-llama/Llama-2-7b-chat-hf,MEDIUM,VERY HIGH,MEDIUM
73611950,gpt-3.5-turbo,MEDIUM,HIGH,MEDIUM
73546092,meta-llama/Llama-2-7b-chat-hf,MEDIUM,MEDIUM,LOW
73546092,gpt-3.5-turbo,MEDIUM,MEDIUM,LOW
73300008,meta-llama/Llama-2-7b-chat-hf,MEDIUM,LOW,HIGH
73300008,gpt-3.5-turbo,HIGH,MEDIUM,MEDIUM
74367079,meta-llama/Llama-2-7b-chat-hf,VERY HIGH,LOW,MEDIUM
74367079,gpt-3.5-turbo,VERY HIGH,HIGH,HIGH
73766357,meta-llama/Llama-2-7b-chat-hf,LOW,MEDIUM,MEDIUM
73766357,gpt-3.5-turbo,MEDIUM,VERY LOW,HIGH
73972027,meta-llama/Llama-2-7b-chat-hf,MEDIUM,LOW,MEDIUM
73972027,gpt-3.5-turbo,MEDIUM,MEDIUM,LOW
74354445,meta-llama/Llama-2-7b-chat-hf,VERY HIGH,MEDIUM,LOW
74354445,gpt-3.5-turbo,HIGH,VERY LOW,HIGH
74543156,meta-llama/Llama-2-7b-chat-hf,LOW,MEDIUM,MEDIUM
74543156,gpt-3.5-turbo,HIGH,MEDIUM,HIGH
73525303,meta-llama/Llama-2-7b-chat-hf,HIGH,LOW,VERY LOW
73525303,gpt-3.5-turbo,LOW,HIGH,VERY LOW
74603229,meta-llama/Llama-2-7b-chat-hf,HIGH,VERY HIGH,MEDIUM
74603229,gpt-3.5-turbo,MEDIUM,VERY HIGH,MEDIUM
73201201,meta-llama/Llama-2-7b-chat-hf,MEDIUM,MEDIUM,LOW
73201201,gpt-3.5-turbo,MEDIUM,MEDIUM,LOW
73954718,meta-llama/Llama-2-7b-chat-hf,LOW,MEDIUM,VERY LOW
73954718,gpt-3.5-turbo,MEDIUM,VERY LOW,LOW
74590672,meta-llama/Llama-2-7b-chat-hf,MEDIUM,MEDIUM,HIGH
74590672,gpt-3.5-turbo,MEDIUM,LOW,LOW
73611112,meta-llama/Llama-2-7b-chat-hf,MEDIUM,LOW,LOW
73611112,gpt-3.5-turbo,HIGH,HIGH,HIGH
74406469,meta-llama/Llama-2-7b-chat-hf,MEDIUM,MEDIUM,VERY HIGH
74406469,gpt-3.5-turbo,MEDIUM,HIGH,MEDIUM
74574699,meta-llama/Llama-2-7b-chat-hf,VERY HIGH,MEDIUM,VERY HIGH
74574699,gpt-3.5-turbo,LOW,VERY HIGH,HIGH
74484753,meta-llama/Llama-2-7b-chat-hf,HIGH,MEDIUM,MEDIUM
74484753,gpt-3.5-turbo,HIGH,VERY HIGH,MEDIUM
72921785,meta-llama/Llama-2-7b-chat-hf,VERY LOW,VERY LOW,VERY LOW
72921785,gpt-3.5-turbo,HIGH,VERY HIGH,VERY HIGH
74438621,meta-llama/Llama-2-7b-chat-hf,MEDIUM,VERY HIGH,MEDIUM
74438621,gpt-3.5-turbo,VERY LOW,VERY LOW,LOW
73296988,meta-llama/Llama-2-7b-chat-hf,MEDIUM,LOW,HIGH
73296988,gpt-3.5-turbo,MEDIUM,VERY HIGH,MEDIUM
74173571,meta-llama/Llama-2-7b-chat-hf,VERY LOW,VERY LOW,LOW
74173571,gpt-3.5-turbo,MEDIUM,MEDIUM,MEDIUM
73211933,meta-llama/Llama-2-7b-chat-hf,HIGH,HIGH,MEDIUM
73211933,gpt-3.5-turbo,MEDIUM,LOW,LOW
73805636,meta-llama/Llama-2-7b-chat-hf,LOW,HIGH,MEDIUM
73805636,gpt-3.5-turbo,LOW,VERY HIGH,LOW
74132943,meta-llama/Llama-2-7b-chat-hf,LOW,MEDIUM,LOW
74132943,gpt-3.5-turbo,MEDIUM,HIGH,HIGH
74456405,meta-llama/Llama-2-7b-chat-hf,VERY LOW,HIGH,MEDIUM
74456405,gpt-3.5-turbo,MEDIUM,VERY LOW,LOW
73367075,meta-llama/Llama-2-7b-chat-hf,VERY HIGH,MEDIUM,VERY HIGH
73367075,gpt-3.5-turbo,HIGH,HIGH,HIGH
74237232,meta-llama/Llama-2-7b-chat-hf,VERY LOW,LOW,VERY HIGH
74237232,gpt-3.5-turbo,VERY HIGH,VERY HIGH,VERY HIGH
74263069,meta-llama/Llama-2-7b-chat-hf,LOW,MEDIUM,VERY LOW
74263069,gpt-3.5-turbo,HIGH,LOW,LOW
74214976,meta-llama/Llama-2-7b-chat-hf,MEDIUM,HIGH,VERY HIGH
74214976,gpt-3.5-turbo,HIGH,VERY HIGH,VERY HIGH
73903529,meta-llama/Llama-2-7b-chat-hf,LOW,LOW,MEDIUM
73903529,gpt-3.5-turbo,VERY HIGH,VERY LOW,HIGH
73131247,meta-llama/Llama-2-7b-chat-hf,LOW,LOW,VERY LOW
73131247,gpt-3.5-turbo,LOW,VERY HIGH,HIGH
74452093,meta-llama/Llama-2-7b-chat-hf,MEDIUM,VERY LOW,HIGH
74452093,gpt-3.5-turbo,MEDIUM,LOW,VERY HIGH
72929659,meta-llama/Llama-2-7b-chat-hf,MEDIUM,VERY HIGH,VERY HIGH
72929659,gpt-3.5-turbo,HIGH,MEDIUM,HIGH
73101069,meta-llama/Llama-2-7b-chat-hf,MEDIUM,HIGH,MEDIUM
73101069,gpt-3.5-turbo,MEDIUM,LOW,VERY LOW
73977102,meta-llama/Llama-2-7b-chat-hf,HIGH,VERY HIGH,HIGH
73977102,gpt-3.5-turbo,VERY HIGH,VERY HIGH,VERY HIGH
73316485,meta-llama/Llama-2-7b-chat-hf,MEDIUM,LOW,VERY HIGH
73316485,gpt-3.5-turbo,LOW,MEDIUM,LOW
72940123,meta-llama/Llama-2-7b-chat-hf,HIGH,HIGH,VERY HIGH
72940123,gpt-3.5-turbo,HIGH,VERY HIGH,VERY HIGH
73693052,meta-llama/Llama-2-7b-chat-hf,VERY HIGH,VERY LOW,VERY LOW
73693052,gpt-3.5-turbo,VERY LOW,VERY HIGH,VERY HIGH
74475086,meta-llama/Llama-2-7b-chat-hf,VERY HIGH,LOW,LOW
74475086,gpt-3.5-turbo,VERY HIGH,HIGH,HIGH
73674092,meta-llama/Llama-2-7b-chat-hf,LOW,MEDIUM,VERY HIGH
73674092,gpt-3.5-turbo,VERY HIGH,HIGH,VERY HIGH
74571672,meta-llama/Llama-2-7b-chat-hf,MEDIUM,MEDIUM,LOW
74571672,gpt-3.5-turbo,VERY LOW,LOW,VERY LOW
73613668,meta-llama/Llama-2-7b-chat-hf,MEDIUM,MEDIUM,LOW
73613668,gpt-3.5-turbo,MEDIUM,MEDIUM,VERY HIGH
73001297,meta-llama/Llama-2-7b-chat-hf,MEDIUM,MEDIUM,VERY HIGH
73001297,gpt-3.5-turbo,LOW,VERY HIGH,VERY HIGH
72970327,meta-llama/Llama-2-7b-chat-hf,MEDIUM,HIGH,MEDIUM
72970327,gpt-3.5-turbo,MEDIUM,MEDIUM,HIGH
73332258,meta-llama/Llama-2-7b-chat-hf,VERY HIGH,VERY HIGH,MEDIUM
73332258,gpt-3.5-turbo,VERY HIGH,VERY HIGH,VERY HIGH
73907799,meta-llama/Llama-2-7b-chat-hf,VERY HIGH,MEDIUM,VERY HIGH
73907799,gpt-3.5-turbo,MEDIUM,MEDIUM,HIGH
73503049,meta-llama/Llama-2-7b-chat-hf,HIGH,HIGH,VERY HIGH
73503049,gpt-3.5-turbo,VERY HIGH,VERY HIGH,HIGH
73076798,meta-llama/Llama-2-7b-chat-hf,MEDIUM,LOW,HIGH
73076798,gpt-3.5-turbo,HIGH,MEDIUM,HIGH
73067624,meta-llama/Llama-2-7b-chat-hf,LOW,MEDIUM,MEDIUM
73067624,gpt-3.5-turbo,MEDIUM,MEDIUM,LOW
73493717,meta-llama/Llama-2-7b-chat-hf,VERY LOW,LOW,LOW
73493717,gpt-3.5-turbo,HIGH,VERY HIGH,VERY HIGH
73581456,meta-llama/Llama-2-7b-chat-hf,LOW,LOW,MEDIUM
73581456,gpt-3.5-turbo,MEDIUM,VERY HIGH,VERY LOW
73111730,meta-llama/Llama-2-7b-chat-hf,HIGH,HIGH,VERY HIGH
73111730,gpt-3.5-turbo,MEDIUM,MEDIUM,LOW
73870058,meta-llama/Llama-2-7b-chat-hf,HIGH,VERY HIGH,HIGH
73870058,gpt-3.5-turbo,VERY HIGH,MEDIUM,VERY HIGH
74244055,meta-llama/Llama-2-7b-chat-hf,MEDIUM,MEDIUM,VERY HIGH
74244055,gpt-3.5-turbo,HIGH,VERY HIGH,MEDIUM
73008559,meta-llama/Llama-2-7b-chat-hf,VERY LOW,LOW,LOW
73008559,gpt-3.5-turbo,LOW,MEDIUM,VERY HIGH
74328847,meta-llama/Llama-2-7b-chat-hf,LOW,VERY LOW,LOW
74328847,gpt-3.5-turbo,MEDIUM,LOW,MEDIUM
73218534,meta-llama/Llama-2-7b-chat-hf,MEDIUM,LOW,VERY LOW
73218534,gpt-3.5-turbo,VERY HIGH,VERY HIGH,HIGH
74162662,meta-llama/Llama-2-7b-chat-hf,LOW,VERY LOW,MEDIUM
74162662,gpt-3.5-turbo,HIGH,VERY HIGH,MEDIUM
73077152,meta-llama/Llama-2-7b-chat-hf,MEDIUM,LOW,LOW
73077152,gpt-3.5-turbo,LOW,MEDIUM,MEDIUM
73060562,meta-llama/Llama-2-7b-chat-hf,VERY HIGH,VERY HIGH,MEDIUM
73060562,gpt-3.5-turbo,MEDIUM,MEDIUM,MEDIUM
74109047,meta-llama/Llama-2-7b-chat-hf,MEDIUM,MEDIUM,MEDIUM
74109047,gpt-3.5-turbo,VERY LOW,HIGH,HIGH
73772360,meta-llama/Llama-2-7b-chat-hf,VERY HIGH,MEDIUM,LOW
73772360,gpt-3.5-turbo,MEDIUM,MEDIUM,MEDIUM
72901581,meta-llama/Llama-2-7b-chat-hf,HIGH,HIGH,HIGH
72901581,gpt-3.5-turbo,MEDIUM,HIGH,HIGH
73319080,meta-llama/Llama-2-7b-chat-hf,LOW,HIGH,VERY HIGH
73319080,gpt-3.5-turbo,HIGH,VERY HIGH,HIGH
73336387,meta-llama/Llama-2-7b-chat-hf,LOW,MEDIUM,VERY LOW
73336387,gpt-3.5-turbo,LOW,LOW,LOW
73225767,meta-llama/Llama-2-7b-chat-hf,MEDIUM,MEDIUM,MEDIUM
73225767,gpt-3.5-turbo,VERY HIGH,MEDIUM,VERY LOW
73676462,meta-llama/Llama-2-7b-chat-hf,MEDIUM,LOW,HIGH
73676462,gpt-3.5-turbo,VERY HIGH,MEDIUM,VERY HIGH
74286842,meta-llama/Llama-2-7b-chat-hf,LOW,HIGH,LOW
74286842,gpt-3.5-turbo,LOW,MEDIUM,VERY HIGH
74392033,meta-llama/Llama-2-7b-chat-hf,VERY LOW,VERY HIGH,VERY HIGH
74392033,gpt-3.5-turbo,LOW,VERY LOW,VERY LOW
73413953,meta-llama/Llama-2-7b-chat-hf,LOW,HIGH,HIGH
73413953,gpt-3.5-turbo,HIGH,VERY HIGH,VERY HIGH
74591448,meta-llama/Llama-2-7b-chat-hf,MEDIUM,VERY HIGH,HIGH
74591448,gpt-3.5-turbo,MEDIUM,VERY HIGH,MEDIUM
73528506,meta-llama/Llama-2-7b-chat-hf,LOW,HIGH,MEDIUM
73528506,gpt-3.5-turbo,LOW,HIGH,VERY LOW
73397834,meta-llama/Llama-2-7b-chat-hf,MEDIUM,HIGH,VERY HIGH
73397834,gpt-3.5-turbo,HIGH,VERY HIGH,VERY HIGH
73679367,meta-llama/Llama-2-7b-chat-hf,LOW,LOW,MEDIUM
73679367,gpt-3.5-turbo,MEDIUM,HIGH,HIGH
72938512,meta-llama/Llama-2-7b-chat-hf,LOW,LOW,LOW
72938512,gpt-3.5-turbo,MEDIUM,MEDIUM,MEDIUM
74189852,meta-llama/Llama-2-7b-chat-hf,MEDIUM,VERY HIGH,MEDIUM
74189852,gpt-3.5-turbo,HIGH,VERY HIGH,HIGH
73851725,meta-llama/Llama-2-7b-chat-hf,VERY HIGH,VERY HIGH,HIGH
73851725,gpt-3.5-turbo,HIGH,VERY HIGH,MEDIUM
73944185,meta-llama/Llama-2-7b-chat-hf,LOW,HIGH,LOW
73944185,gpt-3.5-turbo,HIGH,VERY HIGH,MEDIUM
73669427,meta-llama/Llama-2-7b-chat-hf,LOW,LOW,LOW
73669427,gpt-3.5-turbo,VERY LOW,LOW,VERY HIGH
74322206,meta-llama/Llama-2-7b-chat-hf,LOW,HIGH,MEDIUM
74322206,gpt-3.5-turbo,VERY LOW,HIGH,VERY HIGH
73543246,meta-llama/Llama-2-7b-chat-hf,MEDIUM,MEDIUM,VERY HIGH
73543246,gpt-3.5-turbo,HIGH,MEDIUM,MEDIUM
72978467,meta-llama/Llama-2-7b-chat-hf,HIGH,LOW,LOW
72978467,gpt-3.5-turbo,HIGH,HIGH,HIGH
74204364,meta-llama/Llama-2-7b-chat-hf,LOW,LOW,LOW
74204364,gpt-3.5-turbo,MEDIUM,VERY HIGH,VERY HIGH
73573447,meta-llama/Llama-2-7b-chat-hf,VERY HIGH,LOW,HIGH
73573447,gpt-3.5-turbo,HIGH,HIGH,MEDIUM
73387665,meta-llama/Llama-2-7b-chat-hf,LOW,HIGH,LOW
73387665,gpt-3.5-turbo,VERY HIGH,HIGH,HIGH
73535528,meta-llama/Llama-2-7b-chat-hf,LOW,VERY LOW,MEDIUM
73535528,gpt-3.5-turbo,LOW,LOW,MEDIUM
73235410,meta-llama/Llama-2-7b-chat-hf,VERY HIGH,HIGH,HIGH
73235410,gpt-3.5-turbo,HIGH,HIGH,HIGH
74234235,meta-llama/Llama-2-7b-chat-hf,HIGH,MEDIUM,VERY LOW
74234235,gpt-3.5-turbo,VERY HIGH,VERY LOW,HIGH
74471297,meta-llama/Llama-2-7b-chat-hf,VERY HIGH,LOW,MEDIUM
74471297,gpt-3.5-turbo,VERY HIGH,VERY HIGH,VERY HIGH
73616926,meta-llama/Llama-2-7b-chat-hf,LOW,LOW,LOW
73616926,gpt-3.5-turbo,VERY HIGH,HIGH,VERY HIGH
73574161,meta-llama/Llama-2-7b-chat-hf,VERY LOW,LOW,VERY LOW
73574161,gpt-3.5-turbo,LOW,LOW,MEDIUM
74598647,meta-llama/Llama-2-7b-chat-hf,VERY LOW,VERY LOW,LOW
74598647,gpt-3.5-turbo,LOW,MEDIUM,VERY LOW
74433987,meta-llama/Llama-2-7b-chat-hf,VERY HIGH,MEDIUM,LOW
74433987,gpt-3.5-turbo,HIGH,LOW,MEDIUM
73315006,meta-llama/Llama-2-7b-chat-hf,LOW,LOW,MEDIUM
73315006,gpt-3.5-turbo,VERY HIGH,MEDIUM,MEDIUM
74026877,meta-llama/Llama-2-7b-chat-hf,MEDIUM,VERY HIGH,MEDIUM
74026877,gpt-3.5-turbo,MEDIUM,MEDIUM,MEDIUM
73185851,meta-llama/Llama-2-7b-chat-hf,HIGH,VERY HIGH,HIGH
73185851,gpt-3.5-turbo,MEDIUM,MEDIUM,HIGH
74328779,meta-llama/Llama-2-7b-chat-hf,HIGH,MEDIUM,HIGH
74328779,gpt-3.5-turbo,VERY HIGH,HIGH,HIGH
72969739,meta-llama/Llama-2-7b-chat-hf,MEDIUM,HIGH,HIGH
72969739,gpt-3.5-turbo,LOW,MEDIUM,HIGH
74472565,meta-llama/Llama-2-7b-chat-hf,LOW,LOW,VERY HIGH
74472565,gpt-3.5-turbo,VERY HIGH,VERY HIGH,MEDIUM
74575521,meta-llama/Llama-2-7b-chat-hf,MEDIUM,VERY LOW,HIGH
74575521,gpt-3.5-turbo,MEDIUM,HIGH,HIGH
73102008,meta-llama/Llama-2-7b-chat-hf,MEDIUM,MEDIUM,HIGH
73102008,gpt-3.5-turbo,VERY HIGH,MEDIUM,LOW
73268456,meta-llama/Llama-2-7b-chat-hf,HIGH,MEDIUM,MEDIUM
73268456,gpt-3.5-turbo,LOW,VERY HIGH,LOW
74591135,meta-llama/Llama-2-7b-chat-hf,MEDIUM,MEDIUM,LOW
74591135,gpt-3.5-turbo,VERY HIGH,LOW,VERY HIGH
74199920,meta-llama/Llama-2-7b-chat-hf,VERY HIGH,VERY HIGH,MEDIUM
74199920,gpt-3.5-turbo,HIGH,HIGH,HIGH
74350679,meta-llama/Llama-2-7b-chat-hf,HIGH,LOW,HIGH
74350679,gpt-3.5-turbo,VERY HIGH,VERY HIGH,VERY HIGH
73957101,meta-llama/Llama-2-7b-chat-hf,LOW,LOW,MEDIUM
73957101,gpt-3.5-turbo,VERY LOW,MEDIUM,MEDIUM
73987353,meta-llama/Llama-2-7b-chat-hf,LOW,LOW,LOW
73987353,gpt-3.5-turbo,MEDIUM,LOW,VERY HIGH
74412442,meta-llama/Llama-2-7b-chat-hf,LOW,LOW,LOW
74412442,gpt-3.5-turbo,MEDIUM,HIGH,MEDIUM
73690166,meta-llama/Llama-2-7b-chat-hf,MEDIUM,HIGH,MEDIUM
73690166,gpt-3.5-turbo,MEDIUM,HIGH,MEDIUM
73810279,meta-llama/Llama-2-7b-chat-hf,MEDIUM,MEDIUM,LOW
73810279,gpt-3.5-turbo,LOW,low,VERY LOW
73389055,meta-llama/Llama-2-7b-chat-hf,HIGH,MEDIUM,HIGH
73389055,gpt-3.5-turbo,VERY HIGH,HIGH,MEDIUM
74371499,meta-llama/Llama-2-7b-chat-hf,VERY HIGH,MEDIUM,VERY HIGH
74371499,gpt-3.5-turbo,LOW,VERY HIGH,MEDIUM
74086321,meta-llama/Llama-2-7b-chat-hf,VERY LOW,LOW,LOW
74086321,gpt-3.5-turbo,VERY LOW,LOW,LOW
74381155,meta-llama/Llama-2-7b-chat-hf,LOW,MEDIUM,LOW
74381155,gpt-3.5-turbo,HIGH,MEDIUM,VERY HIGH
73270959,meta-llama/Llama-2-7b-chat-hf,MEDIUM,MEDIUM,MEDIUM
73270959,gpt-3.5-turbo,LOW,MEDIUM,MEDIUM
73442986,meta-llama/Llama-2-7b-chat-hf,MEDIUM,MEDIUM,LOW
73442986,gpt-3.5-turbo,MEDIUM,MEDIUM,VERY HIGH
73398477,meta-llama/Llama-2-7b-chat-hf,MEDIUM,MEDIUM,LOW
73398477,gpt-3.5-turbo,VERY HIGH,HIGH,HIGH
73717005,meta-llama/Llama-2-7b-chat-hf,MEDIUM,LOW,HIGH
73717005,gpt-3.5-turbo,LOW,VERY HIGH,LOW
73467227,meta-llama/Llama-2-7b-chat-hf,HIGH,LOW,MEDIUM
73467227,gpt-3.5-turbo,VERY HIGH,MEDIUM,MEDIUM
73585351,meta-llama/Llama-2-7b-chat-hf,VERY LOW,VERY HIGH,LOW
73585351,gpt-3.5-turbo,HIGH,HIGH,HIGH
73879329,meta-llama/Llama-2-7b-chat-hf,MEDIUM,MEDIUM,VERY LOW
73879329,gpt-3.5-turbo,MEDIUM,LOW,MEDIUM
73025557,meta-llama/Llama-2-7b-chat-hf,VERY HIGH,LOW,MEDIUM
73025557,gpt-3.5-turbo,MEDIUM,MEDIUM,MEDIUM
74083779,meta-llama/Llama-2-7b-chat-hf,MEDIUM,MEDIUM,MEDIUM
74083779,gpt-3.5-turbo,MEDIUM,MEDIUM,MEDIUM
74512385,meta-llama/Llama-2-7b-chat-hf,LOW,MEDIUM,MEDIUM
74512385,gpt-3.5-turbo,HIGH,MEDIUM,VERY HIGH
73537413,meta-llama/Llama-2-7b-chat-hf,HIGH,MEDIUM,MEDIUM
73537413,gpt-3.5-turbo,MEDIUM,MEDIUM,HIGH
73151371,meta-llama/Llama-2-7b-chat-hf,MEDIUM,HIGH,MEDIUM
73151371,gpt-3.5-turbo,VERY HIGH,VERY HIGH,VERY HIGH
74509701,meta-llama/Llama-2-7b-chat-hf,MEDIUM,MEDIUM,HIGH
74509701,gpt-3.5-turbo,HIGH,VERY HIGH,VERY HIGH
73709225,meta-llama/Llama-2-7b-chat-hf,HIGH,MEDIUM,VERY LOW
73709225,gpt-3.5-turbo,LOW,VERY HIGH,MEDIUM
73660116,meta-llama/Llama-2-7b-chat-hf,VERY HIGH,VERY HIGH,VERY HIGH
73660116,gpt-3.5-turbo,MEDIUM,HIGH,HIGH
74440532,meta-llama/Llama-2-7b-chat-hf,MEDIUM,VERY HIGH,VERY HIGH
74440532,gpt-3.5-turbo,VERY HIGH,VERY HIGH,VERY HIGH
74587419,meta-llama/Llama-2-7b-chat-hf,LOW,LOW,LOW
74587419,gpt-3.5-turbo,HIGH,HIGH,LOW
74187884,meta-llama/Llama-2-7b-chat-hf,HIGH,MEDIUM,LOW
74187884,gpt-3.5-turbo,LOW,LOW,VERY HIGH
72935457,gpt-3.5-turbo,VERY HIGH,MEDIUM,HIGH
72935457,meta-llama/Llama-2-7b-chat-hf,LOW,HIGH,MEDIUM
74587470,gpt-3.5-turbo,MEDIUM,VERY HIGH,MEDIUM
74587470,meta-llama/Llama-2-7b-chat-hf,MEDIUM,LOW,MEDIUM
73541768,gpt-3.5-turbo,MEDIUM,VERY_HIGH,HIGH
74002035,gpt-3.5-turbo,HIGH,MEDIUM,VERY HIGH
74002035,meta-llama/Llama-2-7b-chat-hf,MEDIUM,LOW,MEDIUM
74343850,meta-llama/Llama-2-7b-chat-hf,MEDIUM,HIGH,VERY LOW
74343850,gpt-3.5-turbo,MEDIUM,VERY HIGH,VERY HIGH
74118094,meta-llama/Llama-2-7b-chat-hf,MEDIUM,LOW,HIGH
74118094,gpt-3.5-turbo,LOW,HIGH,MEDIUM
73591819,meta-llama/Llama-2-7b-chat-hf,HIGH,LOW,LOW
73591819,gpt-3.5-turbo,MEDIUM,MEDIUM,VERY HIGH
73651301,meta-llama/Llama-2-7b-chat-hf,MEDIUM,HIGH,HIGH
73651301,gpt-3.5-turbo,MEDIUM,MEDIUM,MEDIUM
73017844,meta-llama/Llama-2-7b-chat-hf,LOW,VERY HIGH,MEDIUM
73017844,gpt-3.5-turbo,MEDIUM,MEDIUM,MEDIUM
72863142,meta-llama/Llama-2-7b-chat-hf,LOW,VERY LOW,MEDIUM
72863142,gpt-3.5-turbo,MEDIUM,LOW,MEDIUM
